Delta,Time,CPU_FREQUENCY_0,CPU_FREQUENCY_1,CPU_FREQUENCY_10,CPU_FREQUENCY_11,CPU_FREQUENCY_12,CPU_FREQUENCY_13,CPU_FREQUENCY_14,CPU_FREQUENCY_15,CPU_FREQUENCY_16,CPU_FREQUENCY_17,CPU_FREQUENCY_18,CPU_FREQUENCY_19,CPU_FREQUENCY_2,CPU_FREQUENCY_20,CPU_FREQUENCY_21,CPU_FREQUENCY_22,CPU_FREQUENCY_23,CPU_FREQUENCY_24,CPU_FREQUENCY_25,CPU_FREQUENCY_26,CPU_FREQUENCY_27,CPU_FREQUENCY_28,CPU_FREQUENCY_29,CPU_FREQUENCY_3,CPU_FREQUENCY_30,CPU_FREQUENCY_31,CPU_FREQUENCY_4,CPU_FREQUENCY_5,CPU_FREQUENCY_6,CPU_FREQUENCY_7,CPU_FREQUENCY_8,CPU_FREQUENCY_9,CPU_USAGE_0,CPU_USAGE_1,CPU_USAGE_10,CPU_USAGE_11,CPU_USAGE_12,CPU_USAGE_13,CPU_USAGE_14,CPU_USAGE_15,CPU_USAGE_16,CPU_USAGE_17,CPU_USAGE_18,CPU_USAGE_19,CPU_USAGE_2,CPU_USAGE_20,CPU_USAGE_21,CPU_USAGE_22,CPU_USAGE_23,CPU_USAGE_24,CPU_USAGE_25,CPU_USAGE_26,CPU_USAGE_27,CPU_USAGE_28,CPU_USAGE_29,CPU_USAGE_3,CPU_USAGE_30,CPU_USAGE_31,CPU_USAGE_4,CPU_USAGE_5,CPU_USAGE_6,CPU_USAGE_7,CPU_USAGE_8,CPU_USAGE_9,DRAM_ENERGY (J),GPU0_MEMORY_TOTAL,GPU0_MEMORY_USED,GPU0_POWER (mWatts),GPU0_TEMPERATURE,GPU0_USAGE,PACKAGE_ENERGY (J),PP0_ENERGY (J),PP1_ENERGY (J),TOTAL_MEMORY,TOTAL_SWAP,USED_MEMORY,USED_SWAP
0,1760622142209,5331,800,1720,800,800,5840,2020,800,800,4399,3041,800,800,800,800,1820,4399,800,800,800,800,800,800,800,800,1353,2153,800,4714,800,1073,800,7.142857551574707,0,0,0,0,100,0,0,0,6.6666669845581055,0,0,0,3.4482758045196533,0,3.5714287757873535,0,0,0,0,0,0,0,3.4482758045196533,0,0,0,0,3.4482758045196533,3.4482758045196533,0,0,0,24564,357,3970,38,0,105183.65588378906,70449.43908691406,0,134868701184,8589930496,2659090432,7077888
200,1760622142209,5331,800,1720,800,800,5840,2020,800,800,4399,3041,800,800,800,800,1820,4399,800,800,800,800,800,800,800,800,1353,2153,800,4714,800,1073,800,7.142857551574707,0,0,0,0,100,0,0,0,6.6666669845581055,0,0,0,3.4482758045196533,0,3.5714287757873535,0,0,0,0,0,0,0,3.4482758045196533,0,0,0,0,3.4482758045196533,3.4482758045196533,0,0,0,24564,357,3970,38,0,105184.1587524414,70449.83056640625,0,134868701184,8589930496,2663477248,7077888
200,1760622142410,5331,800,1720,800,800,5840,2020,800,800,4399,3041,800,800,800,800,1820,4399,800,800,800,800,800,800,800,800,1353,2153,800,4714,800,1073,800,14.285715103149414,9.090909004211426,9.090909004211426,9.090909004211426,13.043478012084961,100,90.47618865966797,9.090909004211426,13.043478012084961,9.090909004211426,9.090909004211426,9.090909004211426,13.043478012084961,9.090909004211426,8.69565200805664,9.090909004211426,9.090909004211426,9.090909004211426,9.090909004211426,13.043478012084961,9.090909004211426,13.043478012084961,13.043478012084961,9.090909004211426,13.043478012084961,9.090909004211426,9.090909004211426,9.090909004211426,9.090909004211426,9.090909004211426,13.636363983154297,9.090909004211426,0,24564,357,3769,38,0,105197.96392822266,70461.26922607422,0,134868701184,8589930496,2850820096,7077888
200,1760622142610,5331,800,1720,800,800,5840,2020,800,800,4399,3041,800,800,800,800,1820,4399,800,800,800,800,800,800,800,800,1353,2153,800,4714,800,1073,800,35,31.57894515991211,30.000001907348633,30.000001907348633,100,30.000001907348633,100,35,30.000001907348633,31.57894515991211,31.57894515991211,30.000001907348633,31.57894515991211,30.000001907348633,35,30.000001907348633,30.000001907348633,30.000001907348633,30.000001907348633,31.57894515991211,30.000001907348633,30.000001907348633,30.000001907348633,30.000001907348633,30.000001907348633,35,30.000001907348633,30.000001907348633,31.57894515991211,31.57894515991211,30.000001907348633,30.000001907348633,0,24564,357,3769,38,0,105216.37829589844,70477.36102294922,0,134868701184,8589930496,2910429184,7077888
200,1760622142810,5331,800,1720,800,800,5840,2020,800,800,4399,3041,800,800,800,800,1820,4399,800,800,800,800,800,800,800,800,1353,2153,800,4714,800,1073,800,0,0,0,0,100,0,90.47618865966797,5,0,0,0,0,0,0,0,0,0,0,0,0,0,0,0,0,0,0,0,0,0,0,0,0,0,24564,357,3769,38,0,105227.72625732422,70486.37646484375,0,134868701184,8589930496,2946555904,7077888
200,1760622143010,5331,800,1720,800,800,5840,2020,800,800,4399,3041,800,800,800,800,1820,4399,800,800,800,800,800,800,800,800,1353,2153,800,4714,800,1073,800,5,0,0,0,100,0,0,95,0,0,0,4.761904716491699,0,0,0,0,0,0,0,0,0,0,0,0,0,0,0,0,0,0,0,0,0,24564,357,3769,38,0,105238.72021484375,70495.0419921875,0,134868701184,8589930496,2986258432,7077888
199,1760622143210,5331,800,1720,800,800,5840,2020,800,800,4399,3041,800,800,800,800,1820,4399,800,800,800,800,800,800,800,800,1353,2153,800,4714,800,1073,800,0,0,0,0,100,0,100,0,0,0,0,0,0,0,0,0,0,0,0,0,0,0,0,0,0,0,0,0,0,4.761904716491699,0,0,0,24564,357,3769,38,0,105249.58392333984,70503.57843017578,0,134868701184,8589930496,3014381568,7077888
200,1760622143410,5331,800,1720,800,800,5840,2020,800,800,4399,3041,800,800,800,800,1820,4399,800,800,800,800,800,800,800,800,1353,2153,800,4714,800,1073,800,5,0,0,0,100,0,94.73684692382813,0,0,0,0,0,4.761904716491699,0,0,0,0,0,0,0,0,0,0,0,0,0,0,0,0,0,0,0,0,24564,357,4097,38,0,105260.36877441406,70512.07409667969,0,134868701184,8589930496,3040956416,7077888
200,1760622143610,5331,800,1720,800,800,5840,2020,800,800,4399,3041,800,800,800,800,1820,4399,800,800,800,800,800,800,800,800,1353,2153,800,4714,800,1073,800,0,0,0,0,100,0,90.47618865966797,0,0,0,0,0,5.263157844543457,0,0,0,0,0,0,0,0,0,0,0,0,0,0,0,0,0,0,0,0,24564,357,4097,38,0,105270.91278076172,70520.30810546875,0,134868701184,8589930496,3049213952,7077888
200,1760622143810,5331,800,1720,800,800,5840,2020,800,800,4399,3041,800,800,800,800,1820,4399,800,800,800,800,800,800,800,800,1353,2153,800,4714,800,1073,800,47.619049072265625,42.85714340209961,42.85714340209961,42.85714340209961,100,42.85714340209961,70,45,45,40,42.85714340209961,45,70,42.105262756347656,40,42.85714340209961,42.85714340209961,45,45,40,42.85714340209961,45,42.105262756347656,40,42.105262756347656,40,45,45,40,42.85714340209961,45,45,0,24564,357,4097,38,0,105291.01361083984,70538.04052734375,0,134868701184,8589930496,3073028096,7077888
200,1760622144010,5331,800,1720,800,800,5840,2020,800,800,4399,3041,800,800,800,800,1820,4399,800,800,800,800,800,800,800,800,1353,2153,800,4714,800,1073,800,20,10,0,0,100,0,63.15789031982422,5,0,0,0,0,5,0,0,0,0,0,0,0,0,0,0,0,0,0,0,0,4.761904716491699,0,0,0,0,24564,357,4097,38,0,105302.68383789063,70547.36236572266,0,134868701184,8589930496,3068416000,7077888
200,1760622144210,5331,800,1720,800,800,5840,2020,800,800,4399,3041,800,800,800,800,1820,4399,800,800,800,800,800,800,800,800,1353,2153,800,4714,800,1073,800,0,0,0,0,100,0,47.619049072265625,57.142860412597656,0,0,0,0,0,0,0,0,0,0,0,0,0,0,0,0,0,0,0,0,0,0,0,0,0,24564,357,4097,38,0,105313.68371582031,70556.03619384766,0,134868701184,8589930496,3101171712,7077888
200,1760622144410,5331,800,1720,800,800,5840,2020,800,800,4399,3041,800,800,800,800,1820,4399,800,800,800,800,800,800,800,800,1353,2153,800,4714,800,1073,800,5,0,0,0,100,0,80,0,0,0,0,0,0,4.761904716491699,0,0,0,0,0,0,0,0,0,0,0,0,0,0,0,10.526315689086914,0,0,0,24564,357,4262,38,0,105324.55474853516,70564.60510253906,0,134868701184,8589930496,3128008704,7077888
200,1760622144610,5331,800,1720,800,800,5840,2020,800,800,4399,3041,800,800,800,800,1820,4399,800,800,800,800,800,800,800,800,1353,2153,800,4714,800,1073,800,0,0,0,0,100,0,85,0,0,0,0,0,15.000000953674316,0,0,0,0,0,0,0,0,0,0,0,0,0,0,0,0,0,0,0,0,24564,357,4262,38,0,105335.67407226563,70573.34619140625,0,134868701184,8589930496,3228901376,7077888
199,1760622144811,5331,800,1720,800,800,5840,2020,800,800,4399,3041,800,800,800,800,1820,4399,800,800,800,800,800,800,800,800,1353,2153,800,4714,800,1073,800,10,0,0,0,100,0,84.21052551269531,0,4.761904716491699,0,0,0,0,0,0,0,0,0,0,4.761904716491699,0,0,0,0,0,0,0,0,0,0,0,0,0,24564,357,4262,38,0,105346.2998046875,70581.51824951172,0,134868701184,8589930496,3367731200,7077888
199,1760622145011,5331,800,1720,800,800,5840,2020,800,800,4399,3041,800,800,800,800,1820,4399,800,800,800,800,800,800,800,800,1353,2153,800,4714,800,1073,800,0,0,0,0,100,0,100,0,0,0,0,0,0,0,0,0,0,0,0,0,0,0,0,0,0,0,0,0,0,0,0,0,0,24564,357,4262,38,0,105357.27252197266,70590.1381225586,0,134868701184,8589930496,3449790464,7077888
200,1760622145211,5331,800,1720,800,800,5840,2020,800,800,4399,3041,800,800,800,800,1820,4399,800,800,800,800,800,800,800,800,1353,2153,800,4714,800,1073,800,9.523809432983398,0,0,0,100,0,42.85714340209961,60.000003814697266,0,0,0,0,0,0,0,0,0,0,0,0,0,0,0,0,0,0,0,0,0,0,0,0,0,24564,357,4262,38,0,105368.3442993164,70598.8447265625,0,134868701184,8589930496,3461873664,7077888
199,1760622145411,5331,800,1720,800,800,5840,2020,800,800,4399,3041,800,800,800,800,1820,4399,800,800,800,800,800,800,800,800,1353,2153,800,4714,800,1073,800,0,0,20,0,100,0,60.000003814697266,15.000000953674316,0,0,0,0,0,0,0,0,0,0,0,0,0,0,0,0,0,0,0,0,0,0,0,0,0,24564,357,4065,38,0,105379.28405761719,70607.40270996094,0,134868701184,8589930496,3497226240,7077888
199,1760622145611,5331,800,1720,800,800,5840,2020,800,800,4399,3041,800,800,800,800,1820,4399,800,800,800,800,800,800,800,800,1353,2153,800,4714,800,1073,800,4.761904716491699,0,0,0,100,0,63.15789031982422,0,0,4.761904716491699,0,0,0,0,0,0,0,0,0,0,0,0,0,0,0,0,0,0,0,0,20,0,0,24564,809,9435,40,1,105389.40490722656,70614.97174072266,0,134868701184,8589930496,3607478272,7077888
200,1760622145811,5331,800,1720,800,800,5840,2020,800,800,4399,3041,800,800,800,800,1820,4399,800,800,800,800,800,800,800,800,1353,2153,800,4714,800,1073,800,10.526315689086914,4.761904716491699,0,5.263157844543457,100,0,100,10,5,5,5,5,0,0,5,0,20,5,0,5,5,5,5,10,5,5,5.263157844543457,0,4.761904716491699,10,5,5.263157844543457,0,24564,2059,16972,40,5,105401.28741455078,70624.1226196289,0,134868701184,8589930496,3842625536,7077888
200,1760622146011,5331,800,1720,800,800,5840,2020,800,800,4399,3041,800,800,800,800,1820,4399,800,800,800,800,800,800,800,800,1353,2153,800,4714,800,1073,800,95,0,0,0,100,0,100,0,0,0,0,0,0,9.523809432983398,0,0,0,0,0,0,5,0,0,0,0,0,4.761904716491699,0,0,0,0,0,0,24564,3753,22941,40,24,105417.3617553711,70637.08465576172,0,134868701184,8589930496,3871383552,7077888
200,1760622146211,5331,800,1720,800,800,5840,2020,800,800,4399,3041,800,800,800,800,1820,4399,800,800,800,800,800,800,800,800,1353,2153,800,4714,800,1073,800,100,0,0,0,100,0,100,0,0,0,0,0,0,0,0,0,0,0,0,0,0,0,0,0,0,0,0,0,0,0,0,0,0,24564,3251,27400,40,39,105432.83276367188,70649.71649169922,0,134868701184,8589930496,3887640576,7077888
200,1760622146411,5331,800,1720,800,800,5840,2020,800,800,4399,3041,800,800,800,800,1820,4399,800,800,800,800,800,800,800,800,1353,2153,800,4714,800,1073,800,100,0,0,0,100,0,100,0,0,0,0,0,5,0,0,0,0,0,0,0,0,0,0,0,0,0,0,0,0,0,0,0,0,24564,3251,30856,40,5,105448.23736572266,70662.42517089844,0,134868701184,8589930496,3901317120,7077888
200,1760622146611,5331,800,1720,800,800,5840,2020,800,800,4399,3041,800,800,800,800,1820,4399,800,800,800,800,800,800,800,800,1353,2153,800,4714,800,1073,800,100,0,0,0,100,0,100,0,0,0,0,0,4.761904716491699,0,0,0,0,0,0,0,0,0,0,0,0,0,0,0,0,0,0,0,0,24564,3251,62870,40,0,105464.94274902344,70676.59387207031,0,134868701184,8589930496,3900129280,7077888
200,1760622146811,5331,800,1720,800,800,5840,2020,800,800,4399,3041,800,800,800,800,1820,4399,800,800,800,800,800,800,800,800,1353,2153,800,4714,800,1073,800,100,0,0,0,100,0,100,0,0,0,0,0,0,0,0,0,0,0,0,0,0,0,0,0,0,0,0,0,0,0,0,0,0,24564,3251,62660,40,0,105481.61651611328,70690.74725341797,0,134868701184,8589930496,3902193664,7077888
200,1760622147011,5331,800,1720,800,800,5840,2020,800,800,4399,3041,800,800,800,800,1820,4399,800,800,800,800,800,800,800,800,1353,2153,800,4714,800,1073,800,20,0,0,0,100,0,73.68421173095703,0,5,0,0,0,19.047618865966797,0,0,0,0,0,0,0,0,0,0,0,0,0,0,0,0,0,15.000000953674316,0,0,24564,3251,62355,40,0,105494.54455566406,70701.16516113281,0,134868701184,8589930496,3899633664,7077888
200,1760622147212,5331,800,1720,800,800,5840,2020,800,800,4399,3041,800,800,800,800,1820,4399,800,800,800,800,800,800,800,800,1353,2153,800,4714,800,1073,800,0,0,0,0,10,94.73684692382813,71.42857360839844,26.3157901763916,0,0,0,0,0,0,0,0,0,0,0,0,0,0,0,0,0,0,0,0,0,0,0,0,0,24564,3251,62107,40,0,105506.36151123047,70710.48583984375,0,134868701184,8589930496,3902730240,7077888
200,1760622147412,5331,800,1720,800,800,5840,2020,800,800,4399,3041,800,800,800,800,1820,4399,800,800,800,800,800,800,800,800,1353,2153,800,4714,800,1073,800,0,0,0,0,0,100,25,75,0,0,0,0,0,0,0,0,0,0,0,0,0,0,0,0,0,0,0,0,0,0,0,0,0,24564,3251,62107,40,0,105518.00067138672,70719.62860107422,0,134868701184,8589930496,3921309696,7077888
199,1760622147612,5331,800,1720,800,800,5840,2020,800,800,4399,3041,800,800,800,800,1820,4399,800,800,800,800,800,800,800,800,1353,2153,800,4714,800,1073,800,0,0,0,0,0,100,0,100,0,0,0,0,5,0,0,0,0,0,0,0,0,0,0,0,0,0,0,0,0,0,0,0,0,24564,3251,62107,41,0,105528.87969970703,70727.98132324219,0,134868701184,8589930496,3919298560,7077888
199,1760622147812,5331,800,1720,800,800,5840,2020,800,800,4399,3041,800,800,800,800,1820,4399,800,800,800,800,800,800,800,800,1353,2153,800,4714,800,1073,800,4.761904716491699,15.789472579956055,0,0,0,100,61.904762268066406,10,0,0,0,0,0,0,0,0,4.761904716491699,0,0,0,0,4.761904716491699,0,0,4.761904716491699,0,0,0,0,0,0,0,0,24564,3251,61666,41,0,105540.57623291016,70737.16473388672,0,134868701184,8589930496,3923390464,7077888
199,1760622148012,5331,800,1720,800,800,5840,2020,800,800,4399,3041,800,800,800,800,1820,4399,800,800,800,800,800,800,800,800,1353,2153,800,4714,800,1073,800,0,0,0,0,0,100,100,0,0,0,0,0,0,0,0,0,0,0,0,0,0,0,0,0,0,0,0,0,0,0,0,0,0,24564,3251,61731,41,0,105552.31030273438,70746.40887451172,0,134868701184,8589930496,3937439744,7077888
199,1760622148212,5331,800,1720,800,800,5840,2020,800,800,4399,3041,800,800,800,800,1820,4399,800,800,800,800,800,800,800,800,1353,2153,800,4714,800,1073,800,9.523809432983398,0,0,0,0,100,100,0,0,0,0,0,0,0,0,0,0,0,0,0,0,0,0,0,0,0,0,0,0,0,0,0,0,24564,3379,61810,41,0,105564.14013671875,70755.71746826172,0,134868701184,8589930496,4087791616,7077888
199,1760622148412,5331,800,1720,800,800,5840,2020,800,800,4399,3041,800,800,800,800,1820,4399,800,800,800,800,800,800,800,800,1353,2153,800,4714,800,1073,800,0,0,0,0,0,100,100,0,0,0,0,0,0,0,0,0,0,0,0,0,0,0,0,0,0,0,0,0,0,0,0,0,0,24564,4825,90897,43,42,105574.4691772461,70763.49267578125,0,134868701184,8589930496,4272009216,7077888
200,1760622148612,5331,800,1720,800,800,5840,2020,800,800,4399,3041,800,800,800,800,1820,4399,800,800,800,800,800,800,800,800,1353,2153,800,4714,800,1073,800,0,4.761904716491699,0,0,0,100,100,0,0,0,0,0,4.761904716491699,0,0,0,0,0,0,0,0,0,0,0,0,0,0,0,0,0,0,0,0,24564,3267,87796,42,20,105584.48358154297,70770.77111816406,0,134868701184,8589930496,4272009216,7077888
200,1760622148812,5331,800,1720,800,800,5840,2020,800,800,4399,3041,800,800,800,800,1820,4399,800,800,800,800,800,800,800,800,1353,2153,800,4714,800,1073,800,5,0,0,0,0,100,100,0,0,0,0,0,4.761904716491699,0,0,0,0,0,0,0,0,0,0,0,4.761904716491699,0,0,0,0,0,0,0,0,24564,21561,100888,44,17,105594.62286376953,70778.14074707031,0,134868701184,8589930496,4272009216,7077888
200,1760622149012,5331,800,1720,800,800,5840,2020,800,800,4399,3041,800,800,800,800,1820,4399,800,800,800,800,800,800,800,800,1353,2153,800,4714,800,1073,800,0,0,0,0,0,100,100,0,0,0,0,0,0,0,0,0,0,0,0,0,0,0,0,0,0,0,0,0,0,0,0,0,0,24564,21613,144375,51,42,105605.2749633789,70786.287109375,0,134868701184,8589930496,4308967424,7077888
200,1760622149212,5331,800,1720,800,800,5840,2020,800,800,4399,3041,800,800,800,800,1820,4399,800,800,800,800,800,800,800,800,1353,2153,800,4714,800,1073,800,0,0,0,0,0,100,100,0,0,0,0,0,0,0,0,0,0,0,0,0,0,0,0,0,0,0,0,0,0,0,0,0,0,24564,21661,183227,49,62,105616.0073852539,70794.50048828125,0,134868701184,8589930496,4374790144,7077888
200,1760622149412,5331,800,1720,800,800,5840,2020,800,800,4399,3041,800,800,800,800,1820,4399,800,800,800,800,800,800,800,800,1353,2153,800,4714,800,1073,800,5,0,0,0,0,100,100,0,0,0,0,0,0,0,0,0,4.761904716491699,0,0,0,0,0,0,0,0,0,0,0,0,0,0,0,0,24564,21747,183631,45,50,105626.85864257813,70802.82763671875,0,134868701184,8589930496,4473880576,7077888
200,1760622149612,5331,800,1720,800,800,5840,2020,800,800,4399,3041,800,800,800,800,1820,4399,800,800,800,800,800,800,800,800,1353,2153,800,4714,800,1073,800,9.523809432983398,0,0,0,0,100,100,0,0,0,0,0,0,0,0,0,0,0,0,0,0,0,0,0,0,0,0,0,0,0,0,0,0,24564,21807,203050,48,47,105637.60534667969,70811.06860351563,0,134868701184,8589930496,4541087744,7077888
200,1760622149812,5331,800,1720,800,800,5840,2020,800,800,4399,3041,800,800,800,800,1820,4399,800,800,800,800,800,800,800,800,1353,2153,800,4714,800,1073,800,9.090909004211426,0,0,0,0,100,100,0,0,0,0,0,0,0,0,0,0,0,0,0,0,0,0,0,0,0,0,0,0,0,0,0,0,24564,23035,212897,44,47,105648.01879882813,70818.83428955078,0,134868701184,8589930496,4585902080,7077888
200,1760622150012,5331,800,1720,800,800,5840,2020,800,800,4399,3041,800,800,800,800,1820,4399,800,800,800,800,800,800,800,800,1353,2153,800,4714,800,1073,800,5.263157844543457,10,0,0,0,100,84.21052551269531,0,4.761904716491699,0,0,0,0,0,0,0,0,0,0,0,0,0,0,0,0,0,0,0,0,0,0,0,0,24564,23035,191265,42,8,105659.40728759766,70827.5869140625,0,134868701184,8589930496,4672454656,7077888
200,1760622150213,5331,800,1720,800,800,5840,2020,800,800,4399,3041,800,800,800,800,1820,4399,800,800,800,800,800,800,800,800,1353,2153,800,4714,800,1073,800,0,15.000000953674316,0,0,0,100,35,0,0,0,0,0,0,0,0,0,0,0,0,0,0,0,0,0,0,14.285715103149414,31.57894515991211,0,0,0,0,0,0,24564,23035,148224,42,0,105669.48248291016,70835.0307006836,0,134868701184,8589930496,4713025536,7077888
200,1760622150413,5331,800,1720,800,800,5840,2020,800,800,4399,3041,800,800,800,800,1820,4399,800,800,800,800,800,800,800,800,1353,2153,800,4714,800,1073,800,0,0,0,0,0,100,95,0,0,4.761904716491699,0,0,0,0,0,0,0,0,0,0,0,0,0,0,0,0,0,0,0,0,0,0,0,24564,23039,135176,47,6,105680.3148803711,70843.31433105469,0,134868701184,8589930496,4752719872,7077888
200,1760622150613,5331,800,1720,800,800,5840,2020,800,800,4399,3041,800,800,800,800,1820,4399,800,800,800,800,800,800,800,800,1353,2153,800,4714,800,1073,800,0,0,0,0,0,100,100,0,0,0,0,0,5,0,0,0,0,0,0,0,0,0,0,0,0,0,0,0,0,0,0,0,0,24564,23039,146807,48,92,105690.89111328125,70851.3349609375,0,134868701184,8589930496,4752719872,7077888
200,1760622150813,5331,800,1720,800,800,5840,2020,800,800,4399,3041,800,800,800,800,1820,4399,800,800,800,800,800,800,800,800,1353,2153,800,4714,800,1073,800,4.761904716491699,0,0,0,0,100,84.21052551269531,0,5,0,0,0,0,0,0,0,4.761904716491699,0,0,0,0,0,0,0,0,0,0,0,10,0,0,0,0,24564,23039,158840,48,93,105701.34466552734,70859.37707519531,0,134868701184,8589930496,4752949248,7077888
199,1760622151013,5331,800,1720,800,800,5840,2020,800,800,4399,3041,800,800,800,800,1820,4399,800,800,800,800,800,800,800,800,1353,2153,800,4714,800,1073,800,4.761904716491699,0,15.000000953674316,0,20,57.142860412597656,85,0,10.526315689086914,4.761904716491699,0,0,10,0,0,0,0,0,0,0,0,0,0,0,0,0,0,0,0,0,0,0,0,24564,23039,189446,48,90,105711.66845703125,70867.23291015625,0,134868701184,8589930496,4752130048,7077888
200,1760622151213,5331,800,1720,800,800,5840,2020,800,800,4399,3041,800,800,800,800,1820,4399,800,800,800,800,800,800,800,800,1353,2153,800,4714,800,1073,800,0,0,0,0,95,0,100,0,4.761904716491699,0,0,5,4.761904716491699,0,0,0,0,0,0,0,0,0,0,0,0,0,0,0,0,0,0,0,0,24564,23039,224366,48,91,105721.92102050781,70875.01666259766,0,134868701184,8589930496,4752130048,7077888
200,1760622151413,5331,800,1720,800,800,5840,2020,800,800,4399,3041,800,800,800,800,1820,4399,800,800,800,800,800,800,800,800,1353,2153,800,4714,800,1073,800,0,0,0,0,100,0,100,0,0,4.761904716491699,0,0,0,0,0,0,0,0,0,0,0,0,0,0,0,0,0,0,0,0,0,0,0,24564,23039,257755,49,91,105732.0971069336,70882.7392578125,0,134868701184,8589930496,4752130048,7077888
200,1760622151613,5331,800,1720,800,800,5840,2020,800,800,4399,3041,800,800,800,800,1820,4399,800,800,800,800,800,800,800,800,1353,2153,800,4714,800,1073,800,0,0,0,0,100,0,100,0,4.761904716491699,0,0,0,4.761904716491699,0,0,0,0,0,0,0,0,0,0,0,0,0,0,0,0,0,0,0,0,24564,23039,257831,49,93,105742.56341552734,70890.71380615234,0,134868701184,8589930496,4752130048,7077888
200,1760622151813,5331,800,1720,800,800,5840,2020,800,800,4399,3041,800,800,800,800,1820,4399,800,800,800,800,800,800,800,800,1353,2153,800,4714,800,1073,800,0,0,0,0,100,0,100,0,0,0,0,0,5,0,0,0,0,0,0,0,0,0,0,0,0,0,0,0,0,0,0,0,0,24564,23039,257931,49,92,105752.8998413086,70898.58380126953,0,134868701184,8589930496,4752130048,7077888
200,1760622152014,5331,800,1720,800,800,5840,2020,800,800,4399,3041,800,800,800,800,1820,4399,800,800,800,800,800,800,800,800,1353,2153,800,4714,800,1073,800,0,0,0,0,100,0,100,0,0,0,5,0,0,0,0,0,0,0,0,0,0,0,0,0,0,0,0,0,0,0,0,0,0,24564,23039,258676,49,93,105763.3862915039,70906.60131835938,0,134868701184,8589930496,4750839808,7077888
200,1760622152214,5331,800,1720,800,800,5840,2020,800,800,4399,3041,800,800,800,800,1820,4399,800,800,800,800,800,800,800,800,1353,2153,800,4714,800,1073,800,0,0,15.000000953674316,0,84.21052551269531,0,100,0,5,0,0,0,0,0,0,0,0,0,0,0,0,0,0,0,0,0,0,0,0,0,4.761904716491699,0,0,24564,23039,258999,49,91,105773.79510498047,70914.54986572266,0,134868701184,8589930496,4750839808,7077888
200,1760622152414,5331,800,1720,800,800,5840,2020,800,800,4399,3041,800,800,800,800,1820,4399,800,800,800,800,800,800,800,800,1353,2153,800,4714,800,1073,800,0,0,0,0,100,0,100,0,0,0,0,0,0,0,0,0,0,0,0,0,0,0,0,0,0,0,0,0,0,0,0,0,0,24564,23039,259568,49,92,105784.240234375,70922.52630615234,0,134868701184,8589930496,4750835712,7077888
200,1760622152614,5331,800,1720,800,800,5840,2020,800,800,4399,3041,800,800,800,800,1820,4399,800,800,800,800,800,800,800,800,1353,2153,800,4714,800,1073,800,0,4.761904716491699,0,0,95.23809814453125,0,100,0,0,0,0,0,9.090909004211426,0,0,0,0,0,0,0,0,0,0,0,0,0,0,0,0,0,0,0,0,24564,23039,259535,49,92,105794.720703125,70930.5288696289,0,134868701184,8589930496,4750819328,7077888
200,1760622152814,5331,800,1720,800,800,5840,2020,800,800,4399,3041,800,800,800,800,1820,4399,800,800,800,800,800,800,800,800,1353,2153,800,4714,800,1073,800,0,0,0,0,100,0,100,0,4.761904716491699,0,0,0,0,4.761904716491699,0,0,0,0,0,0,0,0,0,0,0,0,0,0,0,0,0,0,0,24564,23039,259800,49,93,105805.18365478516,70938.51306152344,0,134868701184,8589930496,4750819328,7077888
200,1760622153014,5331,800,1720,800,800,5840,2020,800,800,4399,3041,800,800,800,800,1820,4399,800,800,800,800,800,800,800,800,1353,2153,800,4714,800,1073,800,5,0,0,0,84.21052551269531,0,100,0,9.523809432983398,0,0,0,5.263157844543457,0,0,0,0,0,0,0,0,0,0,0,0,0,0,0,0,0,0,0,0,24564,23039,259681,49,92,105815.59814453125,70946.46838378906,0,134868701184,8589930496,4749692928,7077888
200,1760622153214,5331,800,1720,800,800,5840,2020,800,800,4399,3041,800,800,800,800,1820,4399,800,800,800,800,800,800,800,800,1353,2153,800,4714,800,1073,800,4.761904716491699,0,0,0,100,0,100,0,0,0,0,4.761904716491699,5,0,0,0,0,0,0,0,0,0,0,0,0,0,0,0,0,0,0,0,0,24564,23039,260004,49,91,105826.18298339844,70954.59020996094,0,134868701184,8589930496,4748062720,7077888
200,1760622153414,5331,800,1720,800,800,5840,2020,800,800,4399,3041,800,800,800,800,1820,4399,800,800,800,800,800,800,800,800,1353,2153,800,4714,800,1073,800,4.761904716491699,0,5,0,100,0,100,0,0,0,0,0,0,0,0,0,0,0,0,0,0,0,0,0,0,0,0,0,0,0,4.761904716491699,0,0,24564,23039,260149,49,92,105837.31677246094,70963.25701904297,0,134868701184,8589930496,4748062720,7077888
200,1760622153614,5331,800,1720,800,800,5840,2020,800,800,4399,3041,800,800,800,800,1820,4399,800,800,800,800,800,800,800,800,1353,2153,800,4714,800,1073,800,4.761904716491699,0,0,0,100,0,100,0,0,0,9.090909004211426,0,5,0,0,0,0,0,0,0,0,0,0,0,0,0,0,0,0,0,0,0,0,24564,23039,261050,49,92,105848.45422363281,70971.921875,0,134868701184,8589930496,4748062720,7077888
200,1760622153814,5331,800,1720,800,800,5840,2020,800,800,4399,3041,800,800,800,800,1820,4399,800,800,800,800,800,800,800,800,1353,2153,800,4714,800,1073,800,4.761904716491699,0,0,0,100,0,100,0,0,0,0,0,4.761904716491699,0,0,0,0,0,0,0,0,0,0,0,4.761904716491699,0,0,0,0,0,0,0,0,24564,23039,261615,49,93,105859.60620117188,70980.60021972656,0,134868701184,8589930496,4748062720,7077888
200,1760622154015,5331,800,1720,800,800,5840,2020,800,800,4399,3041,800,800,800,800,1820,4399,800,800,800,800,800,800,800,800,1353,2153,800,4714,800,1073,800,0,0,0,0,100,0,100,0,0,0,0,0,5,0,0,0,0,0,0,0,0,0,0,0,0,0,0,0,0,0,0,0,0,24564,23039,262357,49,92,105870.60302734375,70989.1392211914,0,134868701184,8589930496,4747063296,7077888
200,1760622154215,5331,800,1720,800,800,5840,2020,800,800,4399,3041,800,800,800,800,1820,4399,800,800,800,800,800,800,800,800,1353,2153,800,4714,800,1073,800,0,0,0,0,100,0,100,0,0,0,0,0,0,0,0,0,0,0,0,0,0,0,0,0,0,0,0,0,0,0,0,0,0,24564,23039,263669,50,92,105881.68548583984,70997.75256347656,0,134868701184,8589930496,4747063296,7077888
200,1760622154415,5331,800,1720,800,800,5840,2020,800,800,4399,3041,800,800,800,800,1820,4399,800,800,800,800,800,800,800,800,1353,2153,800,4714,800,1073,800,0,0,0,0,95.23809814453125,0,100,0,0,0,0,0,5,0,0,0,0,0,0,0,0,0,0,0,0,0,5,0,0,0,0,0,0,24564,23039,264407,50,93,105892.75762939453,71006.36614990234,0,134868701184,8589930496,4747063296,7077888
200,1760622154615,5331,800,1720,800,800,5840,2020,800,800,4399,3041,800,800,800,800,1820,4399,800,800,800,800,800,800,800,800,1353,2153,800,4714,800,1073,800,0,0,0,0,100,0,100,0,0,0,5,4.761904716491699,0,0,0,0,0,0,0,0,0,0,0,0,0,0,0,0,0,0,0,0,0,24564,23039,264620,50,91,105903.87567138672,71015.01940917969,0,134868701184,8589930496,4747059200,7077888
200,1760622154815,5331,800,1720,800,800,5840,2020,800,800,4399,3041,800,800,800,800,1820,4399,800,800,800,800,800,800,800,800,1353,2153,800,4714,800,1073,800,0,0,0,0,100,0,100,0,0,0,0,0,5,0,0,0,0,0,0,0,0,0,0,0,0,0,0,0,0,0,0,0,0,24564,23039,264146,50,92,105915.03088378906,71023.6976928711,0,134868701184,8589930496,4747059200,7077888
200,1760622155015,5331,800,1720,800,800,5840,2020,800,800,4399,3041,800,800,800,800,1820,4399,800,800,800,800,800,800,800,800,1353,2153,800,4714,800,1073,800,0,0,0,0,100,0,100,0,0,0,0,0,0,0,0,0,0,0,0,0,0,0,0,0,4.761904716491699,0,0,0,0,0,5,0,0,24564,23039,264438,50,93,105926.23022460938,71032.43621826172,0,134868701184,8589930496,4747059200,7077888
200,1760622155215,5331,800,1720,800,800,5840,2020,800,800,4399,3041,800,800,800,800,1820,4399,800,800,800,800,800,800,800,800,1353,2153,800,4714,800,1073,800,0,0,0,0,100,0,100,0,0,0,0,0,5,0,0,0,0,0,0,0,0,0,0,0,0,0,0,0,4.761904716491699,0,4.761904716491699,0,0,24564,23039,264548,50,93,105937.42181396484,71041.16326904297,0,134868701184,8589930496,4746305536,7077888
200,1760622155415,5331,800,1720,800,800,5840,2020,800,800,4399,3041,800,800,800,800,1820,4399,800,800,800,800,800,800,800,800,1353,2153,800,4714,800,1073,800,0,0,0,0,100,0,100,0,0,0,0,0,0,0,0,0,0,0,0,0,0,0,0,0,0,0,0,0,0,0,0,0,0,24564,23039,264429,50,92,105948.61456298828,71049.89489746094,0,134868701184,8589930496,4746305536,7077888
200,1760622155616,5331,800,1720,800,800,5840,2020,800,800,4399,3041,800,800,800,800,1820,4399,800,800,800,800,800,800,800,800,1353,2153,800,4714,800,1073,800,0,0,0,0,100,0,100,0,0,0,0,0,5,0,0,0,0,0,0,0,0,0,0,0,0,0,4.761904716491699,0,0,0,5,0,0,24564,23039,265267,50,92,105959.78741455078,71058.60815429688,0,134868701184,8589930496,4746305536,7077888
200,1760622155816,5331,800,1720,800,800,5840,2020,800,800,4399,3041,800,800,800,800,1820,4399,800,800,800,800,800,800,800,800,1353,2153,800,4714,800,1073,800,0,0,0,0,100,0,100,0,0,0,0,0,0,0,0,0,0,0,0,0,0,0,0,0,0,0,0,0,0,0,0,0,0,24564,23039,265559,50,93,105970.99700927734,71067.35711669922,0,134868701184,8589930496,4744482816,7077888
200,1760622156016,5331,800,1720,800,800,5840,2020,800,800,4399,3041,800,800,800,800,1820,4399,800,800,800,800,800,800,800,800,1353,2153,800,4714,800,1073,800,0,0,0,0,100,0,100,0,0,0,0,0,5,0,0,0,0,0,0,0,0,0,0,0,0,0,0,0,5,0,0,0,0,24564,23039,265379,50,92,105982.20361328125,71076.09606933594,0,134868701184,8589930496,4744482816,7077888
199,1760622156216,5331,800,1720,800,800,5840,2020,800,800,4399,3041,800,800,800,800,1820,4399,800,800,800,800,800,800,800,800,1353,2153,800,4714,800,1073,800,5,0,4.761904716491699,0,100,0,100,0,0,0,0,0,0,0,0,0,0,0,0,0,0,0,0,0,0,0,0,0,0,0,0,0,0,24564,23039,265401,50,92,105993.39971923828,71084.83239746094,0,134868701184,8589930496,4752482304,7077888
200,1760622156416,5331,800,1720,800,800,5840,2020,800,800,4399,3041,800,800,800,800,1820,4399,800,800,800,800,800,800,800,800,1353,2153,800,4714,800,1073,800,4.761904716491699,4.761904716491699,0,0,100,0,100,0,0,0,0,0,0,0,0,0,0,0,0,0,0,0,0,0,0,0,0,0,0,0,0,0,0,24564,23039,265646,50,93,106004.82141113281,71093.79791259766,0,134868701184,8589930496,4752482304,7077888
200,1760622156616,5331,800,1720,800,800,5840,2020,800,800,4399,3041,800,800,800,800,1820,4399,800,800,800,800,800,800,800,800,1353,2153,800,4714,800,1073,800,0,0,0,0,100,0,100,0,0,0,0,0,0,0,0,0,0,0,0,0,0,0,0,0,0,0,0,0,0,0,4.761904716491699,0,0,24564,23039,265524,50,93,106016.10614013672,71102.63482666016,0,134868701184,8589930496,4752482304,7077888
200,1760622156816,5331,800,1720,800,800,5840,2020,800,800,4399,3041,800,800,800,800,1820,4399,800,800,800,800,800,800,800,800,1353,2153,800,4714,800,1073,800,9.523809432983398,0,4.761904716491699,0,100,0,100,0,0,0,0,0,0,0,0,0,0,0,0,0,0,0,0,0,0,0,5,0,0,0,0,0,0,24564,23039,265676,50,92,106027.28430175781,71111.3530883789,0,134868701184,8589930496,4752482304,7077888
200,1760622157016,5331,800,1720,800,800,5840,2020,800,800,4399,3041,800,800,800,800,1820,4399,800,800,800,800,800,800,800,800,1353,2153,800,4714,800,1073,800,0,0,5,0,100,0,100,0,0,0,0,0,0,0,0,0,0,0,0,0,0,0,0,0,0,0,0,0,0,0,0,0,0,24564,23039,265504,50,93,106038.46704101563,71120.08325195313,0,134868701184,8589930496,4750876672,7077888
200,1760622157216,5331,800,1720,800,800,5840,2020,800,800,4399,3041,800,800,800,800,1820,4399,800,800,800,800,800,800,800,800,1353,2153,800,4714,800,1073,800,5,0,4.761904716491699,0,95.23809814453125,0,100,0,0,0,0,0,0,0,0,0,0,0,0,0,0,0,0,0,0,0,0,0,0,0,0,0,0,24564,23039,265463,50,92,106049.6937866211,71128.84991455078,0,134868701184,8589930496,4751106048,7077888
200,1760622157416,5331,800,1720,800,800,5840,2020,800,800,4399,3041,800,800,800,800,1820,4399,800,800,800,800,800,800,800,800,1353,2153,800,4714,800,1073,800,5,0,0,0,100,0,100,0,0,0,0,0,0,0,0,0,0,0,0,0,0,0,0,0,0,0,0,0,0,0,0,0,0,24564,23039,265564,50,92,106060.86450195313,71137.5737915039,0,134868701184,8589930496,4751106048,7077888
200,1760622157616,5331,800,1720,800,800,5840,2020,800,800,4399,3041,800,800,800,800,1820,4399,800,800,800,800,800,800,800,800,1353,2153,800,4714,800,1073,800,0,0,0,0,100,0,100,0,0,0,0,0,0,0,0,0,0,0,0,0,0,0,0,0,0,0,0,0,0,0,0,0,0,24564,23039,265455,50,92,106072.04229736328,71146.28582763672,0,134868701184,8589930496,4751106048,7077888
200,1760622157816,5331,800,1720,800,800,5840,2020,800,800,4399,3041,800,800,800,800,1820,4399,800,800,800,800,800,800,800,800,1353,2153,800,4714,800,1073,800,4.761904716491699,0,0,0,100,0,100,0,0,0,0,0,0,0,0,0,0,0,0,0,0,0,0,0,0,0,0,0,0,0,0,0,0,24564,23039,265394,50,93,106083.16497802734,71154.95642089844,0,134868701184,8589930496,4751106048,7077888
200,1760622158016,5331,800,1720,800,800,5840,2020,800,800,4399,3041,800,800,800,800,1820,4399,800,800,800,800,800,800,800,800,1353,2153,800,4714,800,1073,800,0,4.761904716491699,4.761904716491699,0,100,0,100,0,0,0,0,0,0,0,0,0,0,0,0,0,0,0,0,0,0,0,0,0,4.761904716491699,0,0,0,0,24564,23039,265029,50,92,106094.45971679688,71163.78796386719,0,134868701184,8589930496,4749762560,7077888
200,1760622158216,5331,800,1720,800,800,5840,2020,800,800,4399,3041,800,800,800,800,1820,4399,800,800,800,800,800,800,800,800,1353,2153,800,4714,800,1073,800,0,0,0,0,100,0,100,0,0,0,0,0,0,0,0,0,0,0,0,0,0,0,0,0,0,0,0,0,0,0,0,0,0,24564,23039,265378,50,93,106105.77825927734,71172.65557861328,0,134868701184,8589930496,4749762560,7077888
200,1760622158416,5331,800,1720,800,800,5840,2020,800,800,4399,3041,800,800,800,800,1820,4399,800,800,800,800,800,800,800,800,1353,2153,800,4714,800,1073,800,5,0,0,0,100,0,100,0,0,0,0,0,0,0,0,0,0,0,0,0,0,0,0,0,0,0,0,0,4.761904716491699,0,0,0,0,24564,23039,265412,50,92,106116.83056640625,71181.2465209961,0,134868701184,8589930496,4749762560,7077888
199,1760622158617,5331,800,1720,800,800,5840,2020,800,800,4399,3041,800,800,800,800,1820,4399,800,800,800,800,800,800,800,800,1353,2153,800,4714,800,1073,800,5,0,0,0,100,0,100,0,0,0,0,0,0,0,0,0,0,0,0,0,0,0,0,0,0,0,0,0,5,0,4.761904716491699,0,0,24564,23039,265499,50,93,106127.8715209961,71189.8256225586,0,134868701184,8589930496,4749762560,7077888
200,1760622158817,5331,800,1720,800,800,5840,2020,800,800,4399,3041,800,800,800,800,1820,4399,800,800,800,800,800,800,800,800,1353,2153,800,4714,800,1073,800,9.090909004211426,0,0,0,100,0,100,0,0,0,0,0,0,0,4.761904716491699,0,0,0,0,0,0,0,0,0,0,0,0,0,0,0,0,0,0,24564,23039,265307,51,92,106139.02032470703,71198.52490234375,0,134868701184,8589930496,4749762560,7077888
200,1760622159017,5331,800,1720,800,800,5840,2020,800,800,4399,3041,800,800,800,800,1820,4399,800,800,800,800,800,800,800,800,1353,2153,800,4714,800,1073,800,5,0,0,0,57.142860412597656,45,100,0,0,0,0,0,4.761904716491699,0,0,0,0,0,0,0,0,0,0,0,0,0,0,0,0,0,0,4.761904716491699,0,24564,23039,265315,51,93,106150.45184326172,71207.49114990234,0,134868701184,8589930496,4746096640,7077888
199,1760622159217,5331,800,1720,800,800,5840,2020,800,800,4399,3041,800,800,800,800,1820,4399,800,800,800,800,800,800,800,800,1353,2153,800,4714,800,1073,800,0,0,4.761904716491699,0,0,95,100,0,0,0,0,0,0,0,0,0,0,0,0,0,0,0,0,0,0,0,0,0,0,0,5,0,0,24564,23039,265318,50,92,106161.62005615234,71216.21221923828,0,134868701184,8589930496,4745293824,7077888
199,1760622159417,5331,800,1720,800,800,5840,2020,800,800,4399,3041,800,800,800,800,1820,4399,800,800,800,800,800,800,800,800,1353,2153,800,4714,800,1073,800,4.761904716491699,0,0,0,0,100,100,0,0,0,0,0,0,0,0,0,0,0,0,0,0,0,0,0,0,0,4.761904716491699,0,5,0,0,0,0,24564,23039,265277,51,92,106172.8062133789,71224.93969726563,0,134868701184,8589930496,4743892992,7077888
200,1760622159617,5331,800,1720,800,800,5840,2020,800,800,4399,3041,800,800,800,800,1820,4399,800,800,800,800,800,800,800,800,1353,2153,800,4714,800,1073,800,0,0,0,0,0,100,100,0,0,0,0,0,0,0,0,0,0,0,0,0,0,0,0,0,0,0,0,0,0,0,0,0,0,24564,23039,265326,51,92,106183.92138671875,71233.60089111328,0,134868701184,8589930496,4743892992,7077888
200,1760622159817,5331,800,1720,800,800,5840,2020,800,800,4399,3041,800,800,800,800,1820,4399,800,800,800,800,800,800,800,800,1353,2153,800,4714,800,1073,800,9.523809432983398,4.761904716491699,0,0,0,100,100,0,0,0,0,0,0,0,0,0,0,0,0,0,0,0,0,0,0,0,0,0,0,0,0,0,0,24564,23039,265209,51,92,106195.08502197266,71242.31701660156,0,134868701184,8589930496,4743892992,7077888
200,1760622160017,5331,800,1720,800,800,5840,2020,800,800,4399,3041,800,800,800,800,1820,4399,800,800,800,800,800,800,800,800,1353,2153,800,4714,800,1073,800,0,0,0,0,0,100,100,0,0,0,0,0,0,4.761904716491699,0,0,0,0,0,0,0,0,0,0,0,0,0,0,5,0,0,0,0,24564,23039,265028,51,93,106206.23919677734,71251.01831054688,0,134868701184,8589930496,4739588096,7077888
200,1760622160217,5331,800,1720,800,800,5840,2020,800,800,4399,3041,800,800,800,800,1820,4399,800,800,800,800,800,800,800,800,1353,2153,800,4714,800,1073,800,0,0,4.761904716491699,0,0,100,100,0,0,0,0,0,0,0,0,0,0,0,0,0,0,0,0,0,0,0,0,0,0,0,0,0,0,24564,23039,265149,51,92,106217.42492675781,71259.74542236328,0,134868701184,8589930496,4739817472,7077888
200,1760622160417,5331,800,1720,800,800,5840,2020,800,800,4399,3041,800,800,800,800,1820,4399,800,800,800,800,800,800,800,800,1353,2153,800,4714,800,1073,800,5,0,0,0,0,100,100,0,0,0,0,0,0,0,0,0,0,0,0,0,0,0,0,0,0,0,0,0,0,0,9.090909004211426,0,0,24564,23039,265207,51,92,106228.65026855469,71268.50659179688,0,134868701184,8589930496,4739817472,7077888
200,1760622160617,5331,800,1720,800,800,5840,2020,800,800,4399,3041,800,800,800,800,1820,4399,800,800,800,800,800,800,800,800,1353,2153,800,4714,800,1073,800,0,0,0,0,0,100,100,0,0,0,0,0,0,0,0,0,0,0,0,0,0,0,0,0,0,0,0,0,0,0,0,0,0,24564,23039,265139,51,93,106239.82141113281,71277.2269897461,0,134868701184,8589930496,4739817472,7077888
200,1760622160817,5331,800,1720,800,800,5840,2020,800,800,4399,3041,800,800,800,800,1820,4399,800,800,800,800,800,800,800,800,1353,2153,800,4714,800,1073,800,0,0,0,0,0,100,100,0,0,0,0,0,0,0,0,0,0,0,0,0,0,0,0,0,0,0,0,0,0,0,4.761904716491699,0,0,24564,23039,265089,51,93,106250.91290283203,71285.86395263672,0,134868701184,8589930496,4740075520,7077888
200,1760622161017,5331,800,1720,800,800,5840,2020,800,800,4399,3041,800,800,800,800,1820,4399,800,800,800,800,800,800,800,800,1353,2153,800,4714,800,1073,800,9.523809432983398,0,4.761904716491699,0,52.6315803527832,45,100,0,0,0,0,0,0,0,0,0,0,0,0,0,0,0,0,0,0,0,0,0,0,0,4.761904716491699,0,0,24564,23039,264740,51,92,106262.02532958984,71294.52465820313,0,134868701184,8589930496,4733808640,7077888
200,1760622161217,5331,800,1720,800,800,5840,2020,800,800,4399,3041,800,800,800,800,1820,4399,800,800,800,800,800,800,800,800,1353,2153,800,4714,800,1073,800,5,0,5,0,95,0,100,0,0,0,0,0,5,0,0,0,0,0,0,0,0,0,0,0,0,0,4.761904716491699,0,0,0,0,0,0,24564,23039,264705,51,93,106273.17791748047,71303.20440673828,0,134868701184,8589930496,4738166784,7077888
200,1760622161417,5331,800,1720,800,800,5840,2020,800,800,4399,3041,800,800,800,800,1820,4399,800,800,800,800,800,800,800,800,1353,2153,800,4714,800,1073,800,9.090909004211426,0,4.761904716491699,0,100,0,100,0,0,0,0,0,0,0,0,0,0,0,0,0,0,0,0,0,0,0,0,0,0,0,0,0,0,24564,23039,264988,51,93,106284.4047241211,71311.9701538086,0,134868701184,8589930496,4724404224,7077888
200,1760622161617,5331,800,1720,800,800,5840,2020,800,800,4399,3041,800,800,800,800,1820,4399,800,800,800,800,800,800,800,800,1353,2153,800,4714,800,1073,800,4.761904716491699,0,0,0,100,0,100,0,0,0,0,0,0,0,0,0,0,0,0,0,0,0,0,0,0,0,5,0,4.761904716491699,0,5,0,0,24564,23039,264686,51,92,106295.65405273438,71320.74688720703,0,134868701184,8589930496,4732399616,7077888
200,1760622161818,5331,800,1720,800,800,5840,2020,800,800,4399,3041,800,800,800,800,1820,4399,800,800,800,800,800,800,800,800,1353,2153,800,4714,800,1073,800,0,0,0,0,70,0,100,0,9.523809432983398,0,0,0,0,0,0,0,0,0,0,0,0,0,0,0,0,0,25,0,0,0,0,0,0,24564,23039,264244,51,93,106306.62603759766,71329.255859375,0,134868701184,8589930496,4732399616,7077888
200,1760622162018,5331,800,1720,800,800,5840,2020,800,800,4399,3041,800,800,800,800,1820,4399,800,800,800,800,800,800,800,800,1353,2153,800,4714,800,1073,800,0,0,0,0,90,0,100,0,0,0,0,0,5,0,0,0,0,0,0,0,0,0,0,0,0,0,0,0,0,0,0,0,0,24564,23039,264695,51,92,106317.90435791016,71338.06652832031,0,134868701184,8589930496,4730540032,7077888
199,1760622162218,5331,800,1720,800,800,5840,2020,800,800,4399,3041,800,800,800,800,1820,4399,800,800,800,800,800,800,800,800,1353,2153,800,4714,800,1073,800,14.285715103149414,0,0,0,80,0,100,0,0,0,0,0,10,0,0,0,0,0,0,0,0,0,0,0,0,0,4.761904716491699,0,0,0,5,0,0,24564,23039,264379,51,92,106329.0259399414,71346.71020507813,0,134868701184,8589930496,4728270848,7077888
200,1760622162418,5331,800,1720,800,800,5840,2020,800,800,4399,3041,800,800,800,800,1820,4399,800,800,800,800,800,800,800,800,1353,2153,800,4714,800,1073,800,28.571430206298828,5,0,0,65,0,100,0,0,0,0,0,0,0,0,0,0,0,0,0,0,0,0,0,0,0,0,0,15.000000953674316,0,0,0,0,24564,23039,264488,51,93,106339.81182861328,71355.04565429688,0,134868701184,8589930496,4728270848,7077888
200,1760622162618,5331,800,1720,800,800,5840,2020,800,800,4399,3041,800,800,800,800,1820,4399,800,800,800,800,800,800,800,800,1353,2153,800,4714,800,1073,800,0,0,0,0,84.21052551269531,0,100,0,4.761904716491699,0,0,0,0,0,0,0,0,0,0,0,0,0,0,0,0,0,0,0,19.047618865966797,0,0,0,0,24564,23039,264540,51,92,106350.84411621094,71363.6025390625,0,134868701184,8589930496,4728270848,7077888
200,1760622162818,5331,800,1720,800,800,5840,2020,800,800,4399,3041,800,800,800,800,1820,4399,800,800,800,800,800,800,800,800,1353,2153,800,4714,800,1073,800,0,0,5,0,95.23809814453125,0,100,0,0,0,0,0,0,0,0,0,0,0,0,0,0,0,0,0,0,0,4.761904716491699,0,0,0,0,0,0,24564,23039,264228,51,93,106361.84558105469,71372.1392211914,0,134868701184,8589930496,4728270848,7077888
200,1760622163018,5331,800,1720,800,800,5840,2020,800,800,4399,3041,800,800,800,800,1820,4399,800,800,800,800,800,800,800,800,1353,2153,800,4714,800,1073,800,0,0,0,0,100,0,100,0,0,0,0,0,0,0,0,0,0,0,0,0,0,0,0,0,0,0,0,0,0,0,0,0,0,24564,23039,264495,51,92,106372.71594238281,71380.54919433594,0,134868701184,8589930496,4727091200,7077888
200,1760622163218,5331,800,1720,800,800,5840,2020,800,800,4399,3041,800,800,800,800,1820,4399,800,800,800,800,800,800,800,800,1353,2153,800,4714,800,1073,800,5,0,0,0,100,0,100,0,0,0,0,0,4.761904716491699,0,0,0,0,0,0,0,0,0,0,0,0,0,4.761904716491699,0,0,0,0,0,0,24564,23039,264391,51,92,106383.75793457031,71389.13165283203,0,134868701184,8589930496,4727091200,7077888
200,1760622163418,5331,800,1720,800,800,5840,2020,800,800,4399,3041,800,800,800,800,1820,4399,800,800,800,800,800,800,800,800,1353,2153,800,4714,800,1073,800,0,0,0,0,100,0,100,0,0,0,0,0,0,0,0,0,0,0,0,0,0,0,0,0,0,0,5,0,0,0,0,0,0,24564,23039,264534,51,93,106394.70782470703,71397.62329101563,0,134868701184,8589930496,4727091200,7077888
200,1760622163619,5331,800,1720,800,800,5840,2020,800,800,4399,3041,800,800,800,800,1820,4399,800,800,800,800,800,800,800,800,1353,2153,800,4714,800,1073,800,4.761904716491699,0,4.761904716491699,0,100,0,100,0,0,4.761904716491699,0,0,0,0,0,0,0,0,0,0,0,0,0,0,0,0,0,0,0,0,0,0,0,24564,23039,264948,51,92,106405.74401855469,71406.1967163086,0,134868701184,8589930496,4727091200,7077888
200,1760622163819,5331,800,1720,800,800,5840,2020,800,800,4399,3041,800,800,800,800,1820,4399,800,800,800,800,800,800,800,800,1353,2153,800,4714,800,1073,800,4.761904716491699,0,0,0,100,0,100,0,0,4.761904716491699,0,0,0,0,0,0,0,0,0,0,0,0,0,0,0,0,5,0,0,0,0,0,0,24564,23039,264675,51,92,106416.76184082031,71414.74731445313,0,134868701184,8589930496,4727091200,7077888
200,1760622164019,5331,800,1720,800,800,5840,2020,800,800,4399,3041,800,800,800,800,1820,4399,800,800,800,800,800,800,800,800,1353,2153,800,4714,800,1073,800,0,0,9.090909004211426,0,100,0,100,0,4.761904716491699,0,0,0,0,0,0,0,0,0,0,0,0,0,0,0,0,0,0,0,0,0,5,0,0,24564,23039,264916,51,92,106427.78771972656,71423.30853271484,0,134868701184,8589930496,4726059008,7077888
200,1760622164219,5331,800,1720,800,800,5840,2020,800,800,4399,3041,800,800,800,800,1820,4399,800,800,800,800,800,800,800,800,1353,2153,800,4714,800,1073,800,0,0,0,0,100,0,100,0,0,0,4.761904716491699,0,0,0,0,0,0,0,0,0,0,0,0,0,0,0,5,0,0,0,0,0,0,24564,23039,264909,51,93,106438.84936523438,71431.90734863281,0,134868701184,8589930496,4717801472,7077888
200,1760622164419,5331,800,1720,800,800,5840,2020,800,800,4399,3041,800,800,800,800,1820,4399,800,800,800,800,800,800,800,800,1353,2153,800,4714,800,1073,800,0,0,0,0,100,0,100,0,0,0,0,0,0,0,0,0,0,0,0,0,0,0,0,0,0,0,0,0,0,0,0,0,0,24564,23039,264834,51,92,106450.25653076172,71440.8642578125,0,134868701184,8589930496,4725800960,7077888
200,1760622164619,5331,800,1720,800,800,5840,2020,800,800,4399,3041,800,800,800,800,1820,4399,800,800,800,800,800,800,800,800,1353,2153,800,4714,800,1073,800,0,0,0,0,100,0,100,0,0,0,0,0,0,0,0,0,0,0,0,0,0,0,0,0,0,0,4.761904716491699,0,0,0,0,0,0,24564,23039,264950,51,93,106461.44299316406,71449.58361816406,0,134868701184,8589930496,4725800960,7077888
200,1760622164819,5331,800,1720,800,800,5840,2020,800,800,4399,3041,800,800,800,800,1820,4399,800,800,800,800,800,800,800,800,1353,2153,800,4714,800,1073,800,5,0,0,0,100,0,100,0,0,0,4.761904716491699,0,0,0,0,0,0,0,0,0,0,0,0,0,0,0,5,0,0,0,0,0,0,24564,23039,265165,51,92,106472.51947021484,71458.19439697266,0,134868701184,8589930496,4725800960,7077888
200,1760622165019,5331,800,1720,800,800,5840,2020,800,800,4399,3041,800,800,800,800,1820,4399,800,800,800,800,800,800,800,800,1353,2153,800,4714,800,1073,800,4.761904716491699,0,0,0,95,0,100,0,0,0,0,0,4.761904716491699,0,0,0,0,0,0,0,0,0,0,0,0,0,4.761904716491699,0,0,0,0,0,0,24564,23039,264880,51,92,106483.4331665039,71466.65173339844,0,134868701184,8589930496,4724899840,7077888
200,1760622165219,5331,800,1720,800,800,5840,2020,800,800,4399,3041,800,800,800,800,1820,4399,800,800,800,800,800,800,800,800,1353,2153,800,4714,800,1073,800,0,0,0,0,100,0,100,0,0,0,0,0,0,0,0,0,0,0,0,0,0,0,0,0,0,0,0,0,0,0,0,0,0,24564,23039,264809,51,92,106494.52349853516,71475.27587890625,0,134868701184,8589930496,4724899840,7077888
200,1760622165420,5331,800,1720,800,800,5840,2020,800,800,4399,3041,800,800,800,800,1820,4399,800,800,800,800,800,800,800,800,1353,2153,800,4714,800,1073,800,4.761904716491699,0,0,0,85,0,100,0,10,0,0,0,0,0,0,0,0,0,0,0,0,0,0,0,0,0,0,0,0,0,10,0,0,24564,23039,264663,51,93,106505.42272949219,71483.70971679688,0,134868701184,8589930496,4724899840,7077888
200,1760622165620,5331,800,1720,800,800,5840,2020,800,800,4399,3041,800,800,800,800,1820,4399,800,800,800,800,800,800,800,800,1353,2153,800,4714,800,1073,800,0,0,4.761904716491699,0,100,0,100,0,0,0,0,0,0,0,0,0,0,0,0,0,0,0,0,0,0,0,4.761904716491699,0,0,0,0,0,0,24564,23039,264811,51,92,106516.56256103516,71492.39569091797,0,134868701184,8589930496,4724899840,7077888
200,1760622165820,5331,800,1720,800,800,5840,2020,800,800,4399,3041,800,800,800,800,1820,4399,800,800,800,800,800,800,800,800,1353,2153,800,4714,800,1073,800,0,0,10.526315689086914,0,85,0,100,0,0,0,0,0,0,0,0,0,0,0,0,0,0,0,0,0,0,0,5,0,9.523809432983398,0,0,0,0,24564,23039,265006,51,92,106527.68975830078,71501.0521850586,0,134868701184,8589930496,4741402624,7077888
200,1760622166020,5331,800,1720,800,800,5840,2020,800,800,4399,3041,800,800,800,800,1820,4399,800,800,800,800,800,800,800,800,1353,2153,800,4714,800,1073,800,0,0,0,0,66.66667175292969,0,100,0,0,0,0,0,4.761904716491699,0,0,0,0,0,0,0,0,0,0,0,0,0,9.090909004211426,0,31.57894515991211,0,0,0,0,24564,23039,265126,51,92,106538.8472290039,71509.74420166016,0,134868701184,8589930496,4740501504,7077888
200,1760622166220,5331,800,1720,800,800,5840,2020,800,800,4399,3041,800,800,800,800,1820,4399,800,800,800,800,800,800,800,800,1353,2153,800,4714,800,1073,800,0,0,0,0,100,0,100,0,0,0,0,0,0,0,0,0,0,0,0,0,0,0,0,0,0,0,4.761904716491699,0,4.761904716491699,0,0,0,0,24564,23039,265216,51,93,106549.90197753906,71518.34088134766,0,134868701184,8589930496,4739248128,7077888
200,1760622166420,5331,800,1720,800,800,5840,2020,800,800,4399,3041,800,800,800,800,1820,4399,800,800,800,800,800,800,800,800,1353,2153,800,4714,800,1073,800,5,0,9.090909004211426,0,84.21052551269531,0,100,0,15.789472579956055,0,0,0,0,0,0,0,0,0,0,0,0,0,0,0,0,0,0,0,0,0,0,0,0,24564,23039,265009,51,93,106560.61688232422,71526.5824584961,0,134868701184,8589930496,4739248128,7077888
200,1760622166620,5331,800,1720,800,800,5840,2020,800,800,4399,3041,800,800,800,800,1820,4399,800,800,800,800,800,800,800,800,1353,2153,800,4714,800,1073,800,4.761904716491699,0,0,0,100,0,100,0,4.761904716491699,0,0,0,0,0,0,0,0,0,0,0,0,0,0,0,0,0,0,0,0,0,0,0,0,24564,23039,265573,51,91,106571.68243408203,71535.18255615234,0,134868701184,8589930496,4739248128,7077888
200,1760622166820,5331,800,1720,800,800,5840,2020,800,800,4399,3041,800,800,800,800,1820,4399,800,800,800,800,800,800,800,800,1353,2153,800,4714,800,1073,800,4.761904716491699,0,0,0,100,0,100,0,0,0,0,0,0,0,0,0,0,0,0,0,0,0,0,0,0,0,0,0,4.761904716491699,0,0,0,0,24564,23039,265937,51,93,106582.74383544922,71543.77996826172,0,134868701184,8589930496,4739248128,7077888
200,1760622167020,5331,800,1720,800,800,5840,2020,800,800,4399,3041,800,800,800,800,1820,4399,800,800,800,800,800,800,800,800,1353,2153,800,4714,800,1073,800,15.000000953674316,25,0,0,52.6315803527832,0,100,0,5.263157844543457,0,0,0,0,0,0,0,0,0,0,0,0,0,0,0,0,0,0,0,0,0,0,0,0,24564,23039,265881,51,93,106593.60260009766,71552.17993164063,0,134868701184,8589930496,4736495616,7077888
200,1760622167221,5331,800,1720,800,800,5840,2020,800,800,4399,3041,800,800,800,800,1820,4399,800,800,800,800,800,800,800,800,1353,2153,800,4714,800,1073,800,0,0,0,0,85,0,100,0,4.761904716491699,0,0,0,10,0,0,0,0,0,0,0,0,0,0,0,0,0,0,0,4.761904716491699,0,4.761904716491699,0,0,24564,23039,265442,51,92,106605.60650634766,71561.70611572266,0,134868701184,8589930496,4734234624,7077888
199,1760622167421,5331,800,1720,800,800,5840,2020,800,800,4399,3041,800,800,800,800,1820,4399,800,800,800,800,800,800,800,800,1353,2153,800,4714,800,1073,800,0,0,4.761904716491699,0,100,0,100,0,0,0,0,0,0,0,0,0,0,0,0,0,0,0,0,0,0,0,0,0,5,0,0,4.761904716491699,0,24564,23039,265312,51,92,106617.15087890625,71570.78210449219,0,134868701184,8589930496,4734234624,7077888
200,1760622167621,5331,800,1720,800,800,5840,2020,800,800,4399,3041,800,800,800,800,1820,4399,800,800,800,800,800,800,800,800,1353,2153,800,4714,800,1073,800,15.000000953674316,0,0,0,80,0,100,0,5,0,0,0,0,0,0,0,0,0,0,0,0,0,0,0,0,0,0,0,0,0,0,0,0,24564,23039,265511,51,92,106628.50415039063,71579.60302734375,0,134868701184,8589930496,4733882368,7077888
200,1760622167821,5331,800,1720,800,800,5840,2020,800,800,4399,3041,800,800,800,800,1820,4399,800,800,800,800,800,800,800,800,1353,2153,800,4714,800,1073,800,0,0,15.000000953674316,0,85,0,100,0,9.523809432983398,0,0,0,0,0,0,0,0,0,0,0,0,0,0,0,0,0,0,0,5,0,0,0,0,24564,23039,265029,51,92,106639.9859008789,71588.68682861328,0,134868701184,8589930496,4733882368,7077888
200,1760622168021,5331,800,1720,800,800,5840,2020,800,800,4399,3041,800,800,800,800,1820,4399,800,800,800,800,800,800,800,800,1353,2153,800,4714,800,1073,800,15.000000953674316,0,0,0,85,0,100,0,5,0,0,0,0,0,0,0,0,0,0,0,0,0,0,0,0,0,0,0,0,0,0,0,0,24564,23039,264438,51,92,106651.26416015625,71597.51177978516,0,134868701184,8589930496,4731961344,7077888
200,1760622168221,5331,800,1720,800,800,5840,2020,800,800,4399,3041,800,800,800,800,1820,4399,800,800,800,800,800,800,800,800,1353,2153,800,4714,800,1073,800,0,0,0,0,100,0,100,0,0,0,0,0,0,5,0,0,0,0,0,0,0,0,0,0,0,0,0,0,4.761904716491699,0,0,0,0,24564,23039,264620,51,93,106663.03161621094,71606.81298828125,0,134868701184,8589930496,4731596800,7077888
200,1760622168421,5331,800,1720,800,800,5840,2020,800,800,4399,3041,800,800,800,800,1820,4399,800,800,800,800,800,800,800,800,1353,2153,800,4714,800,1073,800,4.761904716491699,0,0,0,85,0,100,0,5,0,0,0,0,0,0,0,0,0,0,0,0,4.761904716491699,0,0,0,0,10,0,0,0,0,0,0,24564,23039,264465,51,92,106674.1767578125,71615.49279785156,0,134868701184,8589930496,4730494976,7077888
200,1760622168621,5331,800,1720,800,800,5840,2020,800,800,4399,3041,800,800,800,800,1820,4399,800,800,800,800,800,800,800,800,1353,2153,800,4714,800,1073,800,0,0,0,0,100,0,100,0,0,0,0,0,0,0,0,0,0,0,0,0,0,0,0,0,0,0,0,0,4.761904716491699,0,0,4.761904716491699,0,24564,23039,264740,51,93,106685.21356201172,71624.06927490234,0,134868701184,8589930496,4730494976,7077888
200,1760622168821,5331,800,1720,800,800,5840,2020,800,800,4399,3041,800,800,800,800,1820,4399,800,800,800,800,800,800,800,800,1353,2153,800,4714,800,1073,800,0,0,0,0,66.66667175292969,0,100,0,10.526315689086914,0,0,0,0,0,0,0,0,0,0,0,0,0,0,0,0,0,0,0,0,0,20,0,0,24564,23039,264462,51,92,106695.86236572266,71632.25787353516,0,134868701184,8589930496,4730494976,7077888
200,1760622169021,5331,800,1720,800,800,5840,2020,800,800,4399,3041,800,800,800,800,1820,4399,800,800,800,800,800,800,800,800,1353,2153,800,4714,800,1073,800,0,0,0,4.761904716491699,85,0,100,0,10,0,0,0,0,0,0,0,0,0,0,0,0,0,0,0,0,0,0,0,5,0,5.263157844543457,0,0,24564,23039,264568,51,92,106706.79852294922,71640.71984863281,0,134868701184,8589930496,4730007552,7077888
200,1760622169222,5331,800,1720,800,800,5840,2020,800,800,4399,3041,800,800,800,800,1820,4399,800,800,800,800,800,800,800,800,1353,2153,800,4714,800,1073,800,4.761904716491699,0,0,0,45,60.000003814697266,100,0,0,0,0,0,0,0,0,0,0,0,0,0,0,0,0,0,0,0,0,0,0,0,0,0,0,24564,23039,264779,51,92,106718.28173828125,71649.73742675781,0,134868701184,8589930496,4730236928,7077888
200,1760622169422,5331,800,1720,800,800,5840,2020,800,800,4399,3041,800,800,800,800,1820,4399,800,800,800,800,800,800,800,800,1353,2153,800,4714,800,1073,800,0,0,9.523809432983398,0,0,95.23809814453125,100,0,0,0,0,0,0,0,0,0,0,0,0,0,0,0,0,0,0,0,0,0,0,0,0,0,0,24564,23039,265155,51,93,106729.80810546875,71658.78826904297,0,134868701184,8589930496,4730236928,7077888
200,1760622169622,5331,800,1720,800,800,5840,2020,800,800,4399,3041,800,800,800,800,1820,4399,800,800,800,800,800,800,800,800,1353,2153,800,4714,800,1073,800,0,0,0,0,0,100,100,0,0,0,0,0,0,0,0,0,0,0,0,0,0,0,0,0,0,0,0,0,9.090909004211426,0,0,0,0,24564,23039,265179,51,93,106741.31268310547,71667.82971191406,0,134868701184,8589930496,4730236928,7077888
200,1760622169822,5331,800,1720,800,800,5840,2020,800,800,4399,3041,800,800,800,800,1820,4399,800,800,800,800,800,800,800,800,1353,2153,800,4714,800,1073,800,0,0,5,0,0,100,100,0,0,0,0,0,0,0,0,0,0,0,0,0,0,0,0,0,0,0,0,0,0,0,0,0,0,24564,23039,265366,51,93,106752.78369140625,71676.8363647461,0,134868701184,8589930496,4730236928,7077888
200,1760622170022,5331,800,1720,800,800,5840,2020,800,800,4399,3041,800,800,800,800,1820,4399,800,800,800,800,800,800,800,800,1353,2153,800,4714,800,1073,800,0,0,0,0,0,100,100,0,0,0,0,0,0,0,0,0,0,0,0,0,0,0,0,0,0,0,0,0,0,0,0,0,0,24564,23039,265573,51,93,106764.35766601563,71685.93920898438,0,134868701184,8589930496,4730236928,7077888
200,1760622170222,5331,800,1720,800,800,5840,2020,800,800,4399,3041,800,800,800,800,1820,4399,800,800,800,800,800,800,800,800,1353,2153,800,4714,800,1073,800,0,0,0,0,95,9.523809432983398,100,0,0,0,0,0,0,0,0,0,0,0,0,0,0,0,0,0,0,0,0,0,4.761904716491699,0,4.761904716491699,0,0,24564,23039,265570,51,92,106775.73944091797,71694.85314941406,0,134868701184,8589930496,4730236928,7077888
200,1760622170422,5331,800,1720,800,800,5840,2020,800,800,4399,3041,800,800,800,800,1820,4399,800,800,800,800,800,800,800,800,1353,2153,800,4714,800,1073,800,0,0,0,0,100,0,100,0,0,0,0,0,0,0,0,0,0,0,0,0,0,0,0,0,0,0,0,0,0,0,0,0,0,24564,23039,265368,51,92,106787.2085571289,71703.85144042969,0,134868701184,8589930496,4730236928,7077888
200,1760622170623,5331,800,1720,800,800,5840,2020,800,800,4399,3041,800,800,800,800,1820,4399,800,800,800,800,800,800,800,800,1353,2153,800,4714,800,1073,800,0,0,0,0,5,95,100,0,0,0,0,0,0,0,0,0,0,0,0,0,0,0,0,0,0,0,0,0,0,0,5,0,0,24564,23039,265118,51,92,106798.69659423828,71712.87237548828,0,134868701184,8589930496,4712468480,7077888
200,1760622170823,5331,800,1720,800,800,5840,2020,800,800,4399,3041,800,800,800,800,1820,4399,800,800,800,800,800,800,800,800,1353,2153,800,4714,800,1073,800,0,0,0,0,0,100,100,0,0,0,0,0,0,0,0,0,0,0,0,0,0,0,0,0,0,0,5,0,0,0,0,0,0,24564,23039,264827,51,93,106810.3090209961,71722.01788330078,0,134868701184,8589930496,4728721408,7077888
200,1760622171023,5331,800,1720,800,800,5840,2020,800,800,4399,3041,800,800,800,800,1820,4399,800,800,800,800,800,800,800,800,1353,2153,800,4714,800,1073,800,0,0,4.761904716491699,4.761904716491699,28.571430206298828,70,100,0,0,0,0,0,0,0,0,0,0,0,0,0,0,0,0,0,0,0,4.761904716491699,0,0,0,0,0,0,24564,23039,264747,51,92,106821.81964111328,71731.06909179688,0,134868701184,8589930496,4728221696,7077888
200,1760622171223,5331,800,1720,800,800,5840,2020,800,800,4399,3041,800,800,800,800,1820,4399,800,800,800,800,800,800,800,800,1353,2153,800,4714,800,1073,800,0,0,0,0,100,5,100,0,0,0,0,0,0,0,0,0,0,0,0,0,0,0,0,0,0,0,0,0,0,0,0,0,0,24564,23039,264789,51,92,106833.47985839844,71740.25592041016,0,134868701184,8589930496,4728221696,7077888
200,1760622171423,5331,800,1720,800,800,5840,2020,800,800,4399,3041,800,800,800,800,1820,4399,800,800,800,800,800,800,800,800,1353,2153,800,4714,800,1073,800,0,0,0,0,100,0,100,0,0,0,0,0,0,0,0,0,0,0,0,0,0,0,0,0,0,0,4.761904716491699,0,0,0,0,0,0,24564,23039,264853,51,93,106845.0132446289,71749.30401611328,0,134868701184,8589930496,4728221696,7077888
200,1760622171623,5331,800,1720,800,800,5840,2020,800,800,4399,3041,800,800,800,800,1820,4399,800,800,800,800,800,800,800,800,1353,2153,800,4714,800,1073,800,0,0,0,0,100,0,100,0,0,0,0,0,4.761904716491699,0,0,0,0,0,0,0,0,0,0,0,0,0,0,0,5,0,4.761904716491699,0,0,24564,23039,264642,51,92,106856.22668457031,71758.04461669922,0,134868701184,8589930496,4728221696,7077888
200,1760622171823,5331,800,1720,800,800,5840,2020,800,800,4399,3041,800,800,800,800,1820,4399,800,800,800,800,800,800,800,800,1353,2153,800,4714,800,1073,800,4.761904716491699,0,0,0,85,0,100,0,4.761904716491699,0,0,0,0,0,0,0,0,0,0,0,0,0,0,0,0,0,0,0,14.285715103149414,0,0,0,0,24564,23039,264309,51,92,106867.35040283203,71766.71057128906,0,134868701184,8589930496,4728221696,7077888
200,1760622172024,5331,800,1720,800,800,5840,2020,800,800,4399,3041,800,800,800,800,1820,4399,800,800,800,800,800,800,800,800,1353,2153,800,4714,800,1073,800,4.761904716491699,0,0,0,100,0,100,0,0,0,0,0,0,0,0,0,0,0,0,0,0,0,0,0,0,0,5,0,0,0,0,0,0,24564,23039,264259,51,91,106878.45013427734,71775.35815429688,0,134868701184,8589930496,4728221696,7077888
200,1760622172224,5331,800,1720,800,800,5840,2020,800,800,4399,3041,800,800,800,800,1820,4399,800,800,800,800,800,800,800,800,1353,2153,800,4714,800,1073,800,0,0,4.761904716491699,0,95.23809814453125,0,100,0,0,0,0,0,0,0,0,0,0,0,0,0,0,0,0,0,0,0,0,0,0,0,0,0,0,24564,23039,263857,51,91,106889.64947509766,71784.07922363281,0,134868701184,8589930496,4719964160,7077888
200,1760622172424,5331,800,1720,800,800,5840,2020,800,800,4399,3041,800,800,800,800,1820,4399,800,800,800,800,800,800,800,800,1353,2153,800,4714,800,1073,800,0,0,0,0,100,0,100,0,4.761904716491699,0,0,0,0,0,0,0,0,0,0,0,0,0,0,0,0,0,0,0,0,0,0,0,0,24564,23039,263425,51,92,106900.70593261719,71792.67211914063,0,134868701184,8589930496,4727963648,7077888
200,1760622172624,5331,800,1720,800,800,5840,2020,800,800,4399,3041,800,800,800,800,1820,4399,800,800,800,800,800,800,800,800,1353,2153,800,4714,800,1073,800,0,0,0,0,100,0,100,0,0,0,0,0,0,0,0,0,0,0,0,0,0,0,0,0,0,0,4.761904716491699,0,0,0,0,0,0,24564,23039,263557,51,91,106911.79345703125,71801.29425048828,0,134868701184,8589930496,4727963648,7077888
200,1760622172824,5331,800,1720,800,800,5840,2020,800,800,4399,3041,800,800,800,800,1820,4399,800,800,800,800,800,800,800,800,1353,2153,800,4714,800,1073,800,4.761904716491699,0,0,0,100,0,100,0,0,0,0,0,0,0,0,0,0,0,0,0,0,0,0,0,0,0,4.761904716491699,0,0,0,0,0,0,24564,23039,263232,51,92,106922.87188720703,71809.91076660156,0,134868701184,8589930496,4727963648,7077888
200,1760622173024,5331,800,1720,800,800,5840,2020,800,800,4399,3041,800,800,800,800,1820,4399,800,800,800,800,800,800,800,800,1353,2153,800,4714,800,1073,800,9.090909004211426,0,0,0,100,0,100,0,0,0,0,0,0,0,0,0,0,0,0,0,0,0,0,0,0,0,0,0,0,0,4.761904716491699,0,0,24564,23039,263384,51,91,106933.71978759766,71818.28582763672,0,134868701184,8589930496,4728254464,7077888
199,1760622173225,5331,800,1720,800,800,5840,2020,800,800,4399,3041,800,800,800,800,1820,4399,800,800,800,800,800,800,800,800,1353,2153,800,4714,800,1073,800,4.761904716491699,0,0,4.761904716491699,95.23809814453125,0,100,0,4.761904716491699,0,0,0,4.761904716491699,0,0,0,0,0,0,0,0,0,0,0,0,0,5,0,0,0,0,0,0,24564,23039,263742,51,92,106944.29919433594,71826.40295410156,0,134868701184,8589930496,4728254464,7077888
200,1760622173424,5331,800,1720,800,800,5840,2020,800,800,4399,3041,800,800,800,800,1820,4399,800,800,800,800,800,800,800,800,1353,2153,800,4714,800,1073,800,4.761904716491699,0,0,4.761904716491699,95.23809814453125,0,100,0,4.761904716491699,0,0,0,4.761904716491699,0,0,0,0,0,0,0,0,0,0,0,0,0,5,0,0,0,0,0,0,24564,23039,263582,51,92,106955.35461425781,71834.99975585938,0,134868701184,8589930496,4728254464,7077888
200,1760622173624,5331,800,1720,800,800,5840,2020,800,800,4399,3041,800,800,800,800,1820,4399,800,800,800,800,800,800,800,800,1353,2153,800,4714,800,1073,800,0,0,2.5,0,100,0,100,0,0,0,0,0,0,0,0,0,0,0,0,0,0,0,0,0,0,0,2.5,0,0,0,0,0,0,24564,23039,263631,52,92,106966.72540283203,71843.90338134766,0,134868701184,8589930496,4728254464,7077888
200,1760622173824,5331,800,1720,800,800,5840,2020,800,800,4399,3041,800,800,800,800,1820,4399,800,800,800,800,800,800,800,800,1353,2153,800,4714,800,1073,800,4.761904716491699,0,0,0,100,0,100,0,0,0,0,0,0,0,0,0,0,0,0,0,0,0,0,0,0,0,0,0,0,0,0,0,0,24564,23039,263713,51,92,106977.8773803711,71852.59393310547,0,134868701184,8589930496,4728254464,7077888
200,1760622174025,5331,800,1720,800,800,5840,2020,800,800,4399,3041,800,800,800,800,1820,4399,800,800,800,800,800,800,800,800,1353,2153,800,4714,800,1073,800,0,0,0,0,100,4.761904716491699,100,0,5,0,0,0,0,0,0,0,0,0,0,0,0,0,0,0,0,0,4.761904716491699,0,0,0,0,0,0,24564,23039,263910,51,92,106989.02020263672,71861.271484375,0,134868701184,8589930496,4726980608,7077888
200,1760622174225,5331,800,1720,800,800,5840,2020,800,800,4399,3041,800,800,800,800,1820,4399,800,800,800,800,800,800,800,800,1353,2153,800,4714,800,1073,800,0,0,0,0,100,0,100,0,0,0,0,0,0,0,0,0,0,0,0,0,0,0,0,0,0,0,5,0,0,0,5,0,0,24564,23039,263877,51,92,107000.07397460938,71869.87145996094,0,134868701184,8589930496,4721766400,7077888
200,1760622174425,5331,800,1720,800,800,5840,2020,800,800,4399,3041,800,800,800,800,1820,4399,800,800,800,800,800,800,800,800,1353,2153,800,4714,800,1073,800,0,0,0,0,35,70,100,0,0,0,0,0,0,0,0,0,0,0,0,0,0,0,0,0,0,0,0,0,0,0,0,0,0,24564,23039,263849,51,92,107011.25091552734,71878.5825805664,0,134868701184,8589930496,4721766400,7077888
200,1760622174625,5331,800,1720,800,800,5840,2020,800,800,4399,3041,800,800,800,800,1820,4399,800,800,800,800,800,800,800,800,1353,2153,800,4714,800,1073,800,0,0,0,0,0,100,100,0,4.761904716491699,0,0,0,0,0,0,0,0,0,0,0,0,0,0,0,0,0,0,0,0,0,0,0,0,24564,23039,263800,51,92,107022.7505493164,71887.62042236328,0,134868701184,8589930496,4721766400,7077888
200,1760622174825,5331,800,1720,800,800,5840,2020,800,800,4399,3041,800,800,800,800,1820,4399,800,800,800,800,800,800,800,800,1353,2153,800,4714,800,1073,800,4.761904716491699,0,0,0,0,95,100,0,0,0,0,0,0,0,0,0,0,0,0,0,0,0,0,0,0,0,4.761904716491699,0,0,0,0,0,0,24564,23039,264074,52,92,107034.4926147461,71896.89678955078,0,134868701184,8589930496,4721766400,7077888
200,1760622175025,5331,800,1720,800,800,5840,2020,800,800,4399,3041,800,800,800,800,1820,4399,800,800,800,800,800,800,800,800,1353,2153,800,4714,800,1073,800,33.333335876464844,4.761904716491699,0,0,15.000000953674316,55,100,0,4.761904716491699,0,0,0,0,0,0,0,0,0,0,0,0,0,0,0,0,0,0,0,0,0,0,0,0,24564,23039,263970,52,93,107045.8677368164,71905.80200195313,0,134868701184,8589930496,4721766400,7077888
200,1760622175225,5331,800,1720,800,800,5840,2020,800,800,4399,3041,800,800,800,800,1820,4399,800,800,800,800,800,800,800,800,1353,2153,800,4714,800,1073,800,0,0,0,0,100,0,100,0,0,0,0,0,0,0,0,0,0,0,0,0,0,0,0,0,0,0,4.761904716491699,0,0,0,0,0,0,24564,23039,264460,52,91,107057.60583496094,71915.06646728516,0,134868701184,8589930496,4721762304,7077888
200,1760622175425,5331,800,1720,800,800,5840,2020,800,800,4399,3041,800,800,800,800,1820,4399,800,800,800,800,800,800,800,800,1353,2153,800,4714,800,1073,800,0,0,0,0,100,0,100,0,0,0,0,0,0,0,0,0,0,0,0,0,0,0,0,0,0,0,0,0,0,0,0,0,0,24564,23039,264526,51,93,107069.9423828125,71924.93975830078,0,134868701184,8589930496,4721762304,7077888
200,1760622175626,5331,800,1720,800,800,5840,2020,800,800,4399,3041,800,800,800,800,1820,4399,800,800,800,800,800,800,800,800,1353,2153,800,4714,800,1073,800,0,0,0,0,100,0,100,0,0,0,0,0,0,0,0,0,0,0,0,0,0,0,0,0,0,0,4.761904716491699,0,4.761904716491699,0,0,0,0,24564,23039,264520,52,92,107081.61016845703,71934.13848876953,0,134868701184,8589930496,4713914368,7077888
200,1760622175826,5331,800,1720,800,800,5840,2020,800,800,4399,3041,800,800,800,800,1820,4399,800,800,800,800,800,800,800,800,1353,2153,800,4714,800,1073,800,4.761904716491699,0,0,0,100,0,100,0,0,0,0,0,0,0,0,0,0,0,0,0,0,0,0,0,0,0,0,0,0,0,0,0,0,24564,23039,264758,52,92,107093.23236083984,71943.29266357422,0,134868701184,8589930496,4721913856,7077888
199,1760622176026,5331,800,1720,800,800,5840,2020,800,800,4399,3041,800,800,800,800,1820,4399,800,800,800,800,800,800,800,800,1353,2153,800,4714,800,1073,800,0,0,0,0,100,0,100,0,0,0,0,0,4.761904716491699,0,0,0,0,0,0,0,0,0,0,0,0,0,0,0,0,0,5,0,0,24564,23039,264409,52,92,107104.93664550781,71952.52728271484,0,134868701184,8589930496,4721475584,7077888
199,1760622176226,5331,800,1720,800,800,5840,2020,800,800,4399,3041,800,800,800,800,1820,4399,800,800,800,800,800,800,800,800,1353,2153,800,4714,800,1073,800,4.761904716491699,0,0,0,95,0,100,0,0,0,0,0,0,0,0,0,0,0,0,0,0,0,0,0,0,0,4.761904716491699,0,0,0,0,0,0,24564,23039,264633,52,93,107116.5033569336,71961.63171386719,0,134868701184,8589930496,4736884736,7077888
199,1760622176426,5331,800,1720,800,800,5840,2020,800,800,4399,3041,800,800,800,800,1820,4399,800,800,800,800,800,800,800,800,1353,2153,800,4714,800,1073,800,0,4.761904716491699,0,0,100,0,100,0,0,0,0,0,0,0,0,0,0,0,0,0,0,0,0,0,0,0,0,0,0,0,0,0,0,24564,23039,264582,52,93,107128.15447998047,71970.80572509766,0,134868701184,8589930496,4736884736,7077888
199,1760622176626,5331,800,1720,800,800,5840,2020,800,800,4399,3041,800,800,800,800,1820,4399,800,800,800,800,800,800,800,800,1353,2153,800,4714,800,1073,800,9.523809432983398,0,0,0,100,4.761904716491699,100,0,0,0,0,0,0,0,0,0,0,0,0,0,0,0,0,0,0,0,0,0,0,0,5,0,0,24564,23039,264829,52,92,107139.74530029297,71979.93145751953,0,134868701184,8589930496,4736884736,7077888
200,1760622176826,5331,800,1720,800,800,5840,2020,800,800,4399,3041,800,800,800,800,1820,4399,800,800,800,800,800,800,800,800,1353,2153,800,4714,800,1073,800,0,0,5,0,100,0,100,0,0,0,0,0,0,0,0,0,0,0,0,0,0,0,0,0,0,0,0,0,0,0,0,0,0,24564,23039,264724,52,92,107151.35473632813,71989.0707397461,0,134868701184,8589930496,4736884736,7077888
199,1760622177026,5331,800,1720,800,800,5840,2020,800,800,4399,3041,800,800,800,800,1820,4399,800,800,800,800,800,800,800,800,1353,2153,800,4714,800,1073,800,5,0,0,0,78.94737243652344,0,100,0,0,0,0,0,0,0,0,0,0,0,0,0,0,0,0,0,0,0,20,0,0,0,0,0,0,24564,357,253910,47,92,107162.97369384766,71998.1646118164,0,134868701184,8589930496,3284176896,7077888
199,1760622177226,5331,800,1720,800,800,5840,2020,800,800,4399,3041,800,800,800,800,1820,4399,800,800,800,800,800,800,800,800,1353,2153,800,4714,800,1073,800,4.761904716491699,0,0,0,100,0,100,0,0,0,0,0,0,0,0,0,0,0,0,0,0,0,0,0,0,0,0,0,0,0,0,0,0,24564,357,221837,46,75,107172.99298095703,72005.4580078125,0,134868701184,8589930496,3262459904,7077888
200,1760622177426,5331,800,1720,800,800,5840,2020,800,800,4399,3041,800,800,800,800,1820,4399,800,800,800,800,800,800,800,800,1353,2153,800,4714,800,1073,800,0,5,0,4.761904716491699,90,0,100,0,0,4.761904716491699,0,4.761904716491699,5,0,0,0,0,0,0,0,0,0,0,0,0,0,0,0,0,0,0,0,0,24564,357,189339,45,100,107183.3472290039,72013.13110351563,0,134868701184,8589930496,2916155392,7077888
10,1760622177626,5331,800,1720,800,800,5840,2020,800,800,4399,3041,800,800,800,800,1820,4399,800,800,800,800,800,800,800,800,1353,2153,800,4714,800,1073,800,0,4.761904716491699,0,0,0,0,100,0,0,0,0,0,5,0,0,0,0,0,0,0,0,0,0,0,0,0,9.090909004211426,0,0,0,0,0,0,24564,357,153888,45,42,107191.4130859375,72018.7119140625,0,134868701184,8589930496,2664222720,7077888
