run,repetition,__done,generation,model_size,task,tokens,duration_ms,time(s),energy,accuracy
25,18,DONE,3.2,3B,CB,14123,111843,"111,84",43251.90528925778,0.975
9,4,DONE,3.0,8B,RTE,11756,198877,"198,88",80569.29129707029,0.9818181818181818
28,9,DONE,3.2,3B,WiC,12220,96639,"96,64",38380.25787480466,0.9714285714285715
10,11,DONE,3.0,8B,WiC,14810,249912,"249,91",101551.78628984372,0.9714285714285715
3,8,DONE,2.0,7B,RTE,12250,188664,"188,66",78193.31421113276,0.8511111111111112
12,28,DONE,3.1,8B,BoolQ,8089,137852,"137,85",56580.57256015629,0.9333333333333332
9,22,DONE,3.0,8B,RTE,11756,198880,"198,88",81749.2302535156,0.8857142857142858
27,16,DONE,3.2,3B,RTE,11274,89831,"89,83",35674.0471746093,0.9
24,19,DONE,3.2,3B,BoolQ,11957,94852,"94,85",37332.54585273438,1.0
5,18,DONE,2.0,7B,WSC,11578,178861,"178,86",73825.95609941415,0.96
6,28,DONE,3.0,8B,BoolQ,7085,120835,"120,84",49597.79185546877,1.0
29,18,DONE,3.2,3B,WSC,8355,66629,"66,63",26046.93197968749,0.8533333333333333
18,8,DONE,3.2,1B,BoolQ,12792,43820,"43,82",16212.206606250003,1.0
20,10,DONE,3.2,1B,COPA,12531,43816,"43,82",16494.27282910157,0.8400000000000001
7,9,DONE,3.0,8B,CB,13110,221874,"221,87",90495.08556718745,0.96
22,29,DONE,3.2,1B,WiC,12330,41813,"41,81",16110.125801367203,1.0
2,5,DONE,2.0,7B,COPA,12554,191894,"191,89",79611.25922558588,1.0
5,10,DONE,2.0,7B,WSC,11578,178895,"178,90",74477.90244472655,0.9666666666666666
25,15,DONE,3.2,3B,CB,14123,111836,"111,84",44362.87283203123,0.9555555555555555
2,4,DONE,2.0,7B,COPA,12554,191861,"191,86",79225.58852988287,1.0
7,6,DONE,3.0,8B,CB,13110,222682,"222,68",91423.8763978516,0.9199999999999999
17,6,DONE,3.1,8B,WSC,7126,121840,"121,84",49714.80353164067,0.95
16,2,DONE,3.1,8B,WiC,14562,245700,"245,70",101307.17918261712,1.0
1,19,DONE,2.0,7B,CB,13678,211869,"211,87",87874.69917343756,1.0
16,13,DONE,3.1,8B,WiC,14562,245904,"245,90",101020.32554902336,1.0
23,8,DONE,3.2,1B,WSC,7815,26810,"26,81",10091.812437304685,0.7533333333333333
25,2,DONE,3.2,3B,CB,14123,112841,"112,84",44438.16490039062,0.9555555555555555
7,19,DONE,3.0,8B,CB,13110,221890,"221,89",90966.55998027357,0.7955555555555556
22,6,DONE,3.2,1B,WiC,12330,41812,"41,81",15978.149436132811,1.0
23,5,DONE,3.2,1B,WSC,7815,27809,"27,81",10131.304249414115,0.95
4,12,DONE,2.0,7B,WiC,13138,202894,"202,89",84250.8895714845,1.0
2,16,DONE,2.0,7B,COPA,12554,191678,"191,68",79381.14163847662,1.0
18,18,DONE,3.2,1B,BoolQ,12792,43823,"43,82",16731.54325957031,0.9028571428571428
15,5,DONE,3.1,8B,RTE,9180,156857,"156,86",63978.25482617178,0.9428571428571428
27,20,DONE,3.2,3B,RTE,11274,88831,"88,83",35368.56613554687,1.0
8,8,DONE,3.0,8B,COPA,11806,199888,"199,89",81542.97231503899,0.9349999999999999
0,23,DONE,2.0,7B,BoolQ,13756,211686,"211,69",87842.19399355464,1.0
13,9,DONE,3.1,8B,CB,9343,159674,"159,67",65439.77367773435,1.0
24,28,DONE,3.2,3B,BoolQ,11957,94843,"94,84",37540.09507246096,1.0
16,21,DONE,3.1,8B,WiC,14562,246880,"246,88",101357.91156640631,1.0
23,26,DONE,3.2,1B,WSC,7815,26807,"26,81",10144.61665976564,0.9111111111111111
11,16,DONE,3.0,8B,WSC,7419,126656,"126,66",51317.68380000004,0.8670634920634921
5,19,DONE,2.0,7B,WSC,11578,177890,"177,89",73906.11725820304,0.8333333333333333
23,20,DONE,3.2,1B,WSC,7815,27816,"27,82",10262.334123046869,0.9099999999999999
17,4,DONE,3.1,8B,WSC,7126,121842,"121,84",49921.95294570312,0.8400000000000001
11,1,DONE,3.0,8B,WSC,7419,126654,"126,65",51023.96158476561,0.8833333333333334
14,20,DONE,3.1,8B,COPA,12455,210687,"210,69",85886.30084570326,0.9333333333333332
27,13,DONE,3.2,3B,RTE,11274,89838,"89,84",35091.85505859372,1.0
11,27,DONE,3.0,8B,WSC,7419,125851,"125,85",51076.74845117191,0.9266666666666667
11,0,DONE,3.0,8B,WSC,7419,126870,"126,87",51793.81913808593,1.0
1,7,DONE,2.0,7B,CB,13678,211868,"211,87",87686.87582167977,1.0
3,23,DONE,2.0,7B,RTE,12250,188890,"188,89",78088.40070000014,0.9714285714285715
17,17,DONE,3.1,8B,WSC,7126,122855,"122,86",50300.54835449219,0.8333333333333333
27,28,DONE,3.2,3B,RTE,11274,88838,"88,84",34962.38020507812,1.0
17,28,DONE,3.1,8B,WSC,7126,122644,"122,64",50324.28564589841,0.8133333333333332
14,3,DONE,3.1,8B,COPA,12455,210686,"210,69",86377.47930898432,1.0
14,0,DONE,3.1,8B,COPA,12455,210668,"210,67",86365.39171992177,1.0
7,8,DONE,3.0,8B,CB,13110,222701,"222,70",91640.2772082032,0.8583333333333332
10,21,DONE,3.0,8B,WiC,14810,250688,"250,69",102948.39444472668,0.9777777777777779
3,14,DONE,2.0,7B,RTE,12250,188855,"188,86",78233.93411152346,0.925
14,14,DONE,3.1,8B,COPA,12455,210671,"210,67",86627.14318300784,0.9199999999999999
13,24,DONE,3.1,8B,CB,9343,160662,"160,66",65886.5134703125,0.9333333333333332
12,17,DONE,3.1,8B,BoolQ,8089,137673,"137,67",56497.38634921879,0.9
3,12,DONE,2.0,7B,RTE,12250,188864,"188,86",78082.78885312486,1.0
7,3,DONE,3.0,8B,CB,13110,222882,"222,88",91547.38018769538,1.0
15,18,DONE,3.1,8B,RTE,9180,156850,"156,85",64265.41384824217,1.0
20,6,DONE,3.2,1B,COPA,12531,42814,"42,81",16332.70480859377,0.9199999999999999
3,18,DONE,2.0,7B,RTE,12250,188689,"188,69",77920.0676371094,0.95
15,11,DONE,3.1,8B,RTE,9180,156658,"156,66",64353.48071191409,0.9199999999999999
4,13,DONE,2.0,7B,WiC,13138,201880,"201,88",83904.49919570316,1.0
9,6,DONE,3.0,8B,RTE,11756,198869,"198,87",81437.94700390626,0.9714285714285715
5,9,DONE,2.0,7B,WSC,11578,178857,"178,86",73577.59485937488,0.9095238095238095
19,22,DONE,3.2,1B,CB,15051,51820,"51,82",19798.74653945311,0.888888888888889
13,7,DONE,3.1,8B,CB,9343,159653,"159,65",64878.447034960984,0.9555555555555555
24,24,DONE,3.2,3B,BoolQ,11957,94838,"94,84",37441.01963710939,1.0
2,27,DONE,2.0,7B,COPA,12554,191863,"191,86",78387.9581101562,1.0
23,6,DONE,3.2,1B,WSC,7815,26812,"26,81",10058.951065820318,0.8833333333333334
14,16,DONE,3.1,8B,COPA,12455,210699,"210,70",85576.99608300776,0.9047619047619048
29,14,DONE,3.2,3B,WSC,8355,66819,"66,82",26302.207898242206,0.9714285714285715
0,7,DONE,2.0,7B,BoolQ,13756,211875,"211,88",87100.47291718738,0.975
7,5,DONE,3.0,8B,CB,13110,222700,"222,70",90921.14115625,0.9158730158730158
6,27,DONE,3.0,8B,BoolQ,7085,120839,"120,84",49683.294889648365,0.9466666666666667
26,29,DONE,3.2,3B,COPA,11384,89636,"89,64",35239.75115898451,1.0
1,21,DONE,2.0,7B,CB,13678,210867,"210,87",87218.89092128904,1.0
20,3,DONE,3.2,1B,COPA,12531,42825,"42,83",16186.340023632803,0.9636363636363636
12,25,DONE,3.1,8B,BoolQ,8089,137656,"137,66",56151.667000781265,0.95
15,29,DONE,3.1,8B,RTE,9180,156867,"156,87",64043.77695742193,0.9714285714285715
3,27,DONE,2.0,7B,RTE,12250,188877,"188,88",78059.75422753899,1.0
3,5,DONE,2.0,7B,RTE,12250,188878,"188,88",78310.34284414072,0.9199999999999999
23,2,DONE,3.2,1B,WSC,7815,27809,"27,81",10433.36640996094,0.9
26,24,DONE,3.2,3B,COPA,11384,89839,"89,84",35111.35888515628,1.0
15,12,DONE,3.1,8B,RTE,9180,156667,"156,67",64116.515726953156,1.0
13,21,DONE,3.1,8B,CB,9343,159869,"159,87",65235.42030898434,0.9333333333333332
19,3,DONE,3.2,1B,CB,15051,51823,"51,82",19357.568220898433,1.0
11,29,DONE,3.0,8B,WSC,7419,126856,"126,86",51286.47572285159,0.9714285714285715
26,10,DONE,3.2,3B,COPA,11384,89635,"89,64",35269.10234648439,1.0
29,20,DONE,3.2,3B,WSC,8355,66818,"66,82",25908.220935351575,0.8800000000000001
14,28,DONE,3.1,8B,COPA,12455,210694,"210,69",85608.11868945308,1.0
22,3,DONE,3.2,1B,WiC,12330,42821,"42,82",16159.785894531253,1.0
8,12,DONE,3.0,8B,COPA,11806,198669,"198,67",80617.34486718757,0.9151515151515153
18,5,DONE,3.2,1B,BoolQ,12792,43822,"43,82",16904.270030664084,1.0
13,22,DONE,3.1,8B,CB,9343,159873,"159,87",64951.9482451172,1.0
9,13,DONE,3.0,8B,RTE,11756,198883,"198,88",81229.22873144537,1.0
26,11,DONE,3.2,3B,COPA,11384,90845,"90,85",35592.72760078124,1.0
23,9,DONE,3.2,1B,WSC,7815,26808,"26,81",9939.80026875,1.0
14,1,DONE,3.1,8B,COPA,12455,211878,"211,88",85567.27688964835,1.0
9,26,DONE,3.0,8B,RTE,11756,198872,"198,87",81425.93373808589,0.9666666666666668
19,19,DONE,3.2,1B,CB,15051,51817,"51,82",19737.646259570312,0.8857142857142858
27,7,DONE,3.2,3B,RTE,11274,88835,"88,84",34667.213477734345,1.0
7,4,DONE,3.0,8B,CB,13110,222908,"222,91",90951.95629023443,0.9577777777777777
11,4,DONE,3.0,8B,WSC,7419,125866,"125,87",51161.53103886718,0.96
8,20,DONE,3.0,8B,COPA,11806,199890,"199,89",82049.50092363275,0.9314285714285715
10,24,DONE,3.0,8B,WiC,14810,250892,"250,89",102353.95843828114,0.9555555555555555
18,10,DONE,3.2,1B,BoolQ,12792,43814,"43,81",16891.461083398426,0.9099999999999999
12,0,DONE,3.1,8B,BoolQ,8089,137855,"137,86",56467.67088105473,0.9
8,9,DONE,3.0,8B,COPA,11806,199684,"199,68",81987.5467941406,0.8636363636363636
4,6,DONE,2.0,7B,WiC,13138,201689,"201,69",83742.78456464838,0.9714285714285715
6,25,DONE,3.0,8B,BoolQ,7085,121845,"121,85",50112.74272578119,0.9199999999999999
25,9,DONE,3.2,3B,CB,14123,111836,"111,84",44279.8795044922,1.0
28,6,DONE,3.2,3B,WiC,12220,96826,"96,83",38087.11673320312,0.975
1,2,DONE,2.0,7B,CB,13678,210670,"210,67",87187.06696445313,0.9303030303030304
14,25,DONE,3.1,8B,COPA,12455,211677,"211,68",86709.7890021484,1.0
18,15,DONE,3.2,1B,BoolQ,12792,43820,"43,82",16723.37837656249,0.875
11,23,DONE,3.0,8B,WSC,7419,126847,"126,85",51000.702195703074,0.8766666666666667
15,3,DONE,3.1,8B,RTE,9180,156666,"156,67",64195.297217968735,1.0
4,26,DONE,2.0,7B,WiC,13138,201690,"201,69",83843.33408339856,1.0
28,26,DONE,3.2,3B,WiC,12220,96845,"96,85",38300.92702031251,1.0
5,6,DONE,2.0,7B,WSC,11578,178877,"178,88",74237.14997851566,0.96
11,7,DONE,3.0,8B,WSC,7419,125863,"125,86",51265.701718945274,0.7266666666666667
8,29,DONE,3.0,8B,COPA,11806,199869,"199,87",81529.07165156241,0.9666666666666668
11,26,DONE,3.0,8B,WSC,7419,125842,"125,84",51383.03570878912,0.7166666666666667
21,14,DONE,3.2,1B,RTE,11165,38815,"38,82",14678.89400234375,0.96
5,12,DONE,2.0,7B,WSC,11578,177896,"177,90",73494.64160371089,0.8
22,0,DONE,3.2,1B,WiC,12330,41816,"41,82",15770.684114843749,1.0
1,29,DONE,2.0,7B,CB,13678,210692,"210,69",87020.76169726558,0.9
16,23,DONE,3.1,8B,WiC,14562,245879,"245,88",100956.66763281252,1.0
18,7,DONE,3.2,1B,BoolQ,12792,43814,"43,81",16591.47281503906,0.857948717948718
15,17,DONE,3.1,8B,RTE,9180,156857,"156,86",63868.57897343745,1.0
24,0,DONE,3.2,3B,BoolQ,11957,94828,"94,83",37799.49383144536,1.0
21,27,DONE,3.2,1B,RTE,11165,38813,"38,81",14595.44045449225,0.96
26,16,DONE,3.2,3B,COPA,11384,89836,"89,84",34949.54292792972,0.9833333333333332
27,23,DONE,3.2,3B,RTE,11274,89832,"89,83",35450.81956171874,1.0
11,9,DONE,3.0,8B,WSC,7419,125848,"125,85",51191.13283124999,0.8400000000000001
24,22,DONE,3.2,3B,BoolQ,10942,86832,"86,83",34484.34921035149,0.975
5,28,DONE,2.0,7B,WSC,11578,177854,"177,85",73620.93113691418,0.9428571428571428
28,29,DONE,3.2,3B,WiC,12758,100829,"100,83",40022.22657949212,1.0
7,27,DONE,3.0,8B,CB,13110,222883,"222,88",91915.82282187504,0.96
17,14,DONE,3.1,8B,WSC,7126,121838,"121,84",50027.65111777342,0.65
27,10,DONE,3.2,3B,RTE,11647,92625,"92,63",36329.410593164066,1.0
22,26,DONE,3.2,1B,WiC,12413,42819,"42,82",16160.156534375008,1.0
10,29,DONE,3.0,8B,WiC,14810,250894,"250,89",101718.09914746092,0.9282467532467532
26,14,DONE,3.2,3B,COPA,11903,93827,"93,83",37500.28906992187,1.0
23,7,DONE,3.2,1B,WSC,7910,27809,"27,81",10459.6825314453,0.5904761904761904
20,8,DONE,3.2,1B,COPA,13054,44819,"44,82",17001.997407226576,1.0
12,14,DONE,3.1,8B,BoolQ,8089,137839,"137,84",56260.74544394526,1.0
4,21,DONE,2.0,7B,WiC,13138,201671,"201,67",83564.42375996092,0.9666666666666668
16,27,DONE,3.1,8B,WiC,14562,245704,"245,70",101114.90878476556,0.95
13,2,DONE,3.1,8B,CB,9343,160867,"160,87",66367.87383945312,1.0
25,27,DONE,3.2,3B,CB,13729,108643,"108,64",43199.30782519533,0.9714285714285715
10,28,DONE,3.0,8B,WiC,14810,250705,"250,71",103354.84771035142,0.9777777777777779
28,4,DONE,3.2,3B,WiC,12758,100642,"100,64",40071.7630388672,0.9142857142857143
10,0,DONE,3.0,8B,WiC,14810,250896,"250,90",102897.50253691428,0.9550000000000001
13,18,DONE,3.1,8B,CB,9343,159870,"159,87",65844.34683417976,0.8277777777777778
18,9,DONE,3.2,1B,BoolQ,15104,51818,"51,82",19768.30052324219,0.9333333333333333
1,12,DONE,2.0,7B,CB,13678,211875,"211,88",87664.52476074216,0.9555555555555555
26,28,DONE,3.2,3B,COPA,11903,94831,"94,83",37427.79840410153,0.975
21,11,DONE,3.2,1B,RTE,10444,35818,"35,82",13506.0307625,1.0
16,0,DONE,3.1,8B,WiC,14562,245883,"245,88",101088.64119335932,1.0
13,6,DONE,3.1,8B,CB,9343,160866,"160,87",66078.72357304685,0.9
5,3,DONE,2.0,7B,WSC,11578,177867,"177,87",73942.12519453123,0.9444444444444444
1,15,DONE,2.0,7B,CB,13678,211890,"211,89",88069.87995351569,0.9866666666666667
27,1,DONE,3.2,3B,RTE,11647,92840,"92,84",36718.81022988281,1.0
6,12,DONE,3.0,8B,BoolQ,7085,120851,"120,85",49547.09263183588,0.8800000000000001
2,17,DONE,2.0,7B,COPA,12554,191661,"191,66",79296.9350197265,1.0
1,22,DONE,2.0,7B,CB,13678,211675,"211,68",87635.54387695307,1.0
25,7,DONE,3.2,3B,CB,13729,108653,"108,65",42874.93560664062,1.0
27,5,DONE,3.2,3B,RTE,11647,92840,"92,84",36863.128878710944,1.0
29,16,DONE,3.2,3B,WSC,8579,68826,"68,83",27030.372131250017,0.9428571428571428
29,21,DONE,3.2,3B,WSC,8579,68820,"68,82",26946.33259667969,0.8300000000000001
21,8,DONE,3.2,1B,RTE,10444,36810,"36,81",13708.689549804692,1.0
10,5,DONE,3.0,8B,WiC,14810,249886,"249,89",101732.59915507823,0.9527777777777778
7,12,DONE,3.0,8B,CB,13110,222904,"222,90",91069.43956621096,1.0
26,26,DONE,3.2,3B,COPA,11903,94842,"94,84",37250.50892109376,1.0
4,20,DONE,2.0,7B,WiC,13138,201857,"201,86",83837.65594042969,1.0
27,11,DONE,3.2,3B,RTE,11647,92853,"92,85",36632.27198378908,1.0
21,21,DONE,3.2,1B,RTE,10444,35819,"35,82",13660.189990624938,0.95
18,0,DONE,3.2,1B,BoolQ,15104,52818,"52,82",19725.054011718752,0.9
28,12,DONE,3.2,3B,WiC,12758,100634,"100,63",39401.07626503909,1.0
4,8,DONE,2.0,7B,WiC,13138,201703,"201,70",83631.71535585941,1.0
16,1,DONE,3.1,8B,WiC,14562,245702,"245,70",100932.70809453126,1.0
3,7,DONE,2.0,7B,RTE,12250,188902,"188,90",78673.98558906246,1.0
24,27,DONE,3.2,3B,BoolQ,10942,86830,"86,83",34425.215769335955,1.0
4,14,DONE,2.0,7B,WiC,13138,201665,"201,67",83787.7141195311,0.975
23,23,DONE,3.2,1B,WSC,7910,26808,"26,81",10388.915363671871,0.9099999999999999
24,2,DONE,3.2,3B,BoolQ,10942,86833,"86,83",34347.54406542968,0.9666666666666668
21,12,DONE,3.2,1B,RTE,10444,35811,"35,81",13628.07113574225,1.0
17,3,DONE,3.1,8B,WSC,7126,121842,"121,84",49365.99239199218,0.9380952380952381
13,29,DONE,3.1,8B,CB,9343,159868,"159,87",65564.62563242187,0.96
16,28,DONE,3.1,8B,WiC,14562,246889,"246,89",101505.45417363282,1.0
19,25,DONE,3.2,1B,CB,15678,53821,"53,82",20824.452163867252,1.0
9,18,DONE,3.0,8B,RTE,11756,198697,"198,70",80762.35848886718,0.8833333333333332
3,10,DONE,2.0,7B,RTE,12250,188871,"188,87",78752.31745195312,1.0
24,1,DONE,3.2,3B,BoolQ,10942,86646,"86,65",34664.94912714847,0.925
22,12,DONE,3.2,1B,WiC,12413,42828,"42,83",16233.726721484378,0.9666666666666668
15,19,DONE,3.1,8B,RTE,9180,156874,"156,87",64434.54478906254,1.0
0,4,DONE,2.0,7B,BoolQ,13756,211907,"211,91",88204.95708574222,1.0
14,24,DONE,3.1,8B,COPA,12455,210902,"210,90",86984.62064257811,1.0
25,28,DONE,3.2,3B,CB,13729,108846,"108,85",43419.644359375,0.9272727272727274
19,2,DONE,3.2,1B,CB,15678,53818,"53,82",20533.30007226563,0.975
5,23,DONE,2.0,7B,WSC,11578,178853,"178,85",73652.88107910156,0.975
8,1,DONE,3.0,8B,COPA,11806,198705,"198,71",81556.29316523444,0.9341666666666667
12,10,DONE,3.1,8B,BoolQ,8089,137872,"137,87",56767.60762128909,0.9333333333333332
15,27,DONE,3.1,8B,RTE,9180,157852,"157,85",64927.78219550779,1.0
17,23,DONE,3.1,8B,WSC,7126,121870,"121,87",49991.34471582031,0.862857142857143
13,13,DONE,3.1,8B,CB,9343,159859,"159,86",66048.19388828122,1.0
10,22,DONE,3.0,8B,WiC,14810,250701,"250,70",102891.71510449218,0.9800000000000001
7,18,DONE,3.0,8B,CB,13110,222910,"222,91",91648.6431761718,0.8261038961038961
13,11,DONE,3.1,8B,CB,9343,159849,"159,85",65534.84423105475,0.6928571428571428
26,27,DONE,3.2,3B,COPA,11903,93839,"93,84",37300.091373437506,1.0
1,8,DONE,2.0,7B,CB,13678,211683,"211,68",87912.9475591797,1.0
26,21,DONE,3.2,3B,COPA,11903,93634,"93,63",36795.16747480469,1.0
19,13,DONE,3.2,1B,CB,15678,54819,"54,82",21024.79831679688,1.0
23,29,DONE,3.2,1B,WSC,7910,27808,"27,81",10377.787223242189,0.7999999999999999
12,27,DONE,3.1,8B,BoolQ,8089,137660,"137,66",56494.18739726573,1.0
6,16,DONE,3.0,8B,BoolQ,7085,120854,"120,85",49407.34124843746,1.0
18,6,DONE,3.2,1B,BoolQ,15104,51815,"51,82",19696.4077414063,0.9178571428571429
24,26,DONE,3.2,3B,BoolQ,10942,86634,"86,63",34233.87847597655,0.7636363636363637
5,26,DONE,2.0,7B,WSC,11578,178890,"178,89",73689.66678417972,0.9028571428571428
3,3,DONE,2.0,7B,RTE,12250,188891,"188,89",78677.82202050771,1.0
27,18,DONE,3.2,3B,RTE,11647,92846,"92,85",36940.5042046875,0.975
0,15,DONE,2.0,7B,BoolQ,13756,211870,"211,87",87685.55977519536,1.0
6,0,DONE,3.0,8B,BoolQ,7085,120835,"120,84",49140.91924960937,0.9
12,2,DONE,3.1,8B,BoolQ,8089,138849,"138,85",57010.7470503906,0.975
7,24,DONE,3.0,8B,CB,13110,221687,"221,69",91008.94208027337,0.8825396825396824
28,10,DONE,3.2,3B,WiC,12758,100654,"100,65",39688.75198554687,0.9333333333333333
11,21,DONE,3.0,8B,WSC,7419,126847,"126,85",51582.70347304686,0.9055555555555556
17,0,DONE,3.1,8B,WSC,7126,121835,"121,84",49710.09628164058,0.95
21,18,DONE,3.2,1B,RTE,10444,36811,"36,81",13730.76217089843,0.96
4,4,DONE,2.0,7B,WiC,13138,201867,"201,87",83366.47539140619,1.0
28,28,DONE,3.2,3B,WiC,12758,100838,"100,84",39897.33085859371,1.0
19,23,DONE,3.2,1B,CB,15678,53825,"53,83",20487.597173437487,0.7657142857142857
11,17,DONE,3.0,8B,WSC,7419,125842,"125,84",50801.71151953131,0.7833333333333333
13,19,DONE,3.1,8B,CB,9343,160855,"160,86",65941.44077226563,0.96
24,5,DONE,3.2,3B,BoolQ,10942,86634,"86,63",34234.80807285151,0.95
28,25,DONE,3.2,3B,WiC,12758,100835,"100,84",39972.68141230465,1.0
26,5,DONE,3.2,3B,COPA,11903,93835,"93,84",36798.04991679688,1.0
3,1,DONE,2.0,7B,RTE,12250,188879,"188,88",78261.70634804691,0.9333333333333332
27,26,DONE,3.2,3B,RTE,11647,92830,"92,83",36594.697333593795,1.0
22,2,DONE,3.2,1B,WiC,12413,42815,"42,82",15949.762476171876,1.0
13,3,DONE,3.1,8B,CB,9343,159861,"159,86",64903.630195312544,0.6816666666666668
6,3,DONE,3.0,8B,BoolQ,7085,120870,"120,87",49535.897069726554,1.0
28,19,DONE,3.2,3B,WiC,12758,100632,"100,63",39328.39024082029,0.975
29,17,DONE,3.2,3B,WSC,8579,68830,"68,83",27270.95311113282,1.0
10,17,DONE,3.0,8B,WiC,14810,250893,"250,89",101961.43945976564,0.9555555555555555
5,11,DONE,2.0,7B,WSC,11578,178854,"178,85",74349.23765097657,0.96
1,18,DONE,2.0,7B,CB,13678,211672,"211,67",87730.77681835939,1.0
1,25,DONE,2.0,7B,CB,13678,211673,"211,67",87707.3499419922,0.95
0,12,DONE,2.0,7B,BoolQ,13756,211658,"211,66",88099.41644238285,0.9199999999999999
8,23,DONE,3.0,8B,COPA,11806,198677,"198,68",80790.58800410164,0.9247619047619047
6,11,DONE,3.0,8B,BoolQ,7085,121854,"121,85",50035.96647050778,1.0
17,8,DONE,3.1,8B,WSC,7126,121649,"121,65",49367.96322832032,0.65
24,3,DONE,3.2,3B,BoolQ,10942,86849,"86,85",34004.23179453125,0.975
5,24,DONE,2.0,7B,WSC,11578,178856,"178,86",74280.02803691414,0.9314285714285713
4,23,DONE,2.0,7B,WiC,13138,201860,"201,86",83644.34116660149,1.0
4,25,DONE,2.0,7B,WiC,13138,202873,"202,87",83696.44764277343,1.0
17,1,DONE,3.1,8B,WSC,7126,121839,"121,84",49514.848765625,0.95
2,11,DONE,2.0,7B,COPA,12554,192662,"192,66",79139.38610703117,0.9846153846153847
9,19,DONE,3.0,8B,RTE,11756,198671,"198,67",81319.28190156237,1.0
17,21,DONE,3.1,8B,WSC,7126,122852,"122,85",49834.52728222663,0.9199999999999999
29,11,DONE,3.2,3B,WSC,8579,67818,"67,82",26634.556508203128,0.7666666666666666
8,22,DONE,3.0,8B,COPA,11806,199867,"199,87",80714.4293023438,0.9214285714285715
27,3,DONE,3.2,3B,RTE,11647,92830,"92,83",36282.25133671872,0.95
16,25,DONE,3.1,8B,WiC,14562,246710,"246,71",101525.6084998047,1.0
3,0,DONE,2.0,7B,RTE,12250,188673,"188,67",77887.71244746089,1.0
20,7,DONE,3.2,1B,COPA,13054,44825,"44,83",17107.051589062434,1.0
16,15,DONE,3.1,8B,WiC,14562,245875,"245,88",100139.80463886716,1.0
19,14,DONE,3.2,1B,CB,15678,53832,"53,83",20444.218745117185,0.7825396825396826
1,16,DONE,2.0,7B,CB,13678,211687,"211,69",87338.33269062491,0.9777777777777779
13,28,DONE,3.1,8B,CB,9343,159883,"159,88",65289.55199140628,0.9333333333333333
16,4,DONE,3.1,8B,WiC,14562,245714,"245,71",101028.72906699218,0.9666666666666668
6,7,DONE,3.0,8B,BoolQ,7085,121838,"121,84",50117.01450312517,1.0
26,0,DONE,3.2,3B,COPA,11903,93647,"93,65",36764.278422851625,0.9464285714285715
16,26,DONE,3.1,8B,WiC,14562,245721,"245,72",100287.41414531252,1.0
4,11,DONE,2.0,7B,WiC,13138,201688,"201,69",83243.19416992186,1.0
5,15,DONE,2.0,7B,WSC,11578,177673,"177,67",73289.14624101575,1.0
12,24,DONE,3.1,8B,BoolQ,8089,138650,"138,65",56786.56008671876,0.96
3,17,DONE,2.0,7B,RTE,12250,188667,"188,67",78225.45997890623,0.95
10,13,DONE,3.0,8B,WiC,14810,250881,"250,88",103188.99790625006,0.9714285714285715
2,12,DONE,2.0,7B,COPA,12554,191868,"191,87",79612.66604941401,1.0
24,13,DONE,3.2,3B,BoolQ,10942,86828,"86,83",34596.52717324217,1.0
8,4,DONE,3.0,8B,COPA,11806,199873,"199,87",81263.97383652344,0.975
24,23,DONE,3.2,3B,BoolQ,10942,86842,"86,84",34343.66491933596,0.9
18,2,DONE,3.2,1B,BoolQ,15104,51821,"51,82",19800.70609238282,0.8474999999999999
14,19,DONE,3.1,8B,COPA,12455,210871,"210,87",85943.82032226562,1.0
9,7,DONE,3.0,8B,RTE,11756,198870,"198,87",80634.47026894531,1.0
21,26,DONE,3.2,1B,RTE,10444,35817,"35,82",13737.507632617187,0.9666666666666668
21,28,DONE,3.2,1B,RTE,10444,35813,"35,81",13326.722212304658,0.95
4,22,DONE,2.0,7B,WiC,13138,201671,"201,67",82672.0902048828,1.0
26,12,DONE,3.2,3B,COPA,11903,94840,"94,84",37422.06725664064,1.0
21,20,DONE,3.2,1B,RTE,10444,35812,"35,81",13524.621627929691,0.8666666666666666
28,1,DONE,3.2,3B,WiC,12758,100834,"100,83",39529.52729316408,0.9714285714285715
20,28,DONE,3.2,1B,COPA,13054,44824,"44,82",16798.719230664065,1.0
25,1,DONE,3.2,3B,CB,13729,108833,"108,83",42634.57579589844,0.8802197802197803
20,27,DONE,3.2,1B,COPA,13054,44822,"44,82",16718.965624023436,0.8
22,5,DONE,3.2,1B,WiC,12413,42812,"42,81",15914.316749804688,0.9
6,18,DONE,3.0,8B,BoolQ,7085,120652,"120,65",48737.304626562494,0.9714285714285715
29,22,DONE,3.2,3B,WSC,8579,68822,"68,82",27020.217765820325,0.95
23,15,DONE,3.2,1B,WSC,7910,27812,"27,81",10131.86942539068,0.9714285714285715
10,12,DONE,3.0,8B,WiC,14810,250694,"250,69",101471.8093111328,0.9527777777777778
5,25,DONE,2.0,7B,WSC,11578,177659,"177,66",73762.79112988293,0.8088888888888889
18,14,DONE,3.2,1B,BoolQ,15104,52820,"52,82",20117.539629882835,0.9388888888888889
24,16,DONE,3.2,3B,BoolQ,10942,86826,"86,83",34527.4234789062,0.9857142857142858
13,10,DONE,3.1,8B,CB,9343,159860,"159,86",64517.52292773443,0.835
13,25,DONE,3.1,8B,CB,9343,159874,"159,87",65221.38275234379,1.0
1,9,DONE,2.0,7B,CB,13678,211675,"211,68",87535.04589726559,0.9017316017316018
17,25,DONE,3.1,8B,WSC,7126,122650,"122,65",49844.29792968749,0.9
18,27,DONE,3.2,1B,BoolQ,15104,51825,"51,83",19808.084623242183,1.0
3,2,DONE,2.0,7B,RTE,12250,188884,"188,88",78056.84480703122,1.0
3,21,DONE,2.0,7B,RTE,12250,188868,"188,87",78270.31798847664,1.0
9,10,DONE,3.0,8B,RTE,11756,198863,"198,86",81272.64917714839,0.975
24,11,DONE,3.2,3B,BoolQ,10942,86824,"86,82",34286.196935546905,0.9428571428571428
16,29,DONE,3.1,8B,WiC,14562,246881,"246,88",100114.72669296876,1.0
4,19,DONE,2.0,7B,WiC,13138,201871,"201,87",83523.31612910148,1.0
2,15,DONE,2.0,7B,COPA,12554,191891,"191,89",78706.35161894525,1.0
14,4,DONE,3.1,8B,COPA,12455,211712,"211,71",86464.29010488284,1.0
21,4,DONE,3.2,1B,RTE,10444,35809,"35,81",13754.497432031218,1.0
3,25,DONE,2.0,7B,RTE,12250,189867,"189,87",78143.10526328125,1.0
9,24,DONE,3.0,8B,RTE,11756,198887,"198,89",81341.52092167966,0.9464285714285715
21,22,DONE,3.2,1B,RTE,10444,36816,"36,82",13753.097348437508,0.96
16,11,DONE,3.1,8B,WiC,14562,245876,"245,88",99852.48340878906,1.0
20,16,DONE,3.2,1B,COPA,13054,44819,"44,82",16929.04234824218,0.9333333333333333
21,23,DONE,3.2,1B,RTE,10444,35813,"35,81",13405.521428125,0.9666666666666668
0,28,DONE,2.0,7B,BoolQ,13756,211877,"211,88",86970.91029355464,1.0
19,17,DONE,3.2,1B,CB,15678,53821,"53,82",20602.254230273436,0.8326923076923076
15,7,DONE,3.1,8B,RTE,9180,156880,"156,88",63369.1542074219,1.0
8,18,DONE,3.0,8B,COPA,11806,199703,"199,70",81063.20809375,0.9055555555555556
5,22,DONE,2.0,7B,WSC,11578,177854,"177,85",73518.53323945307,0.9714285714285713
8,11,DONE,3.0,8B,COPA,11806,199887,"199,89",81719.10244179686,0.9466666666666667
8,13,DONE,3.0,8B,COPA,11806,198678,"198,68",81186.53350605462,0.9444444444444444
21,1,DONE,3.2,1B,RTE,10444,35810,"35,81",13787.240591601509,0.7666666666666666
12,29,DONE,3.1,8B,BoolQ,8089,137841,"137,84",56168.60648378901,1.0
1,3,DONE,2.0,7B,CB,13678,210882,"210,88",87096.7768671874,1.0
7,26,DONE,3.0,8B,CB,13110,221874,"221,87",90393.35327851576,0.8657142857142857
1,24,DONE,2.0,7B,CB,13678,211878,"211,88",87381.74307031259,1.0
10,18,DONE,3.0,8B,WiC,14810,250702,"250,70",102695.56325722644,0.9555555555555555
12,26,DONE,3.1,8B,BoolQ,8089,137842,"137,84",56279.6953537109,0.9099999999999999
18,16,DONE,3.2,1B,BoolQ,15104,51819,"51,82",19637.290598632804,0.8607142857142858
2,29,DONE,2.0,7B,COPA,12554,191874,"191,87",79251.9144207032,1.0
21,3,DONE,3.2,1B,RTE,10444,36816,"36,82",13738.173686132812,0.9666666666666668
15,28,DONE,3.1,8B,RTE,9180,156851,"156,85",62863.150128710906,1.0
25,24,DONE,3.2,3B,CB,13729,108836,"108,84",43019.36776660153,0.9111111111111111
18,24,DONE,3.2,1B,BoolQ,15104,51824,"51,82",19607.69195585936,0.9133333333333333
8,26,DONE,3.0,8B,COPA,11806,198895,"198,90",80395.48126894532,0.9666666666666668
25,11,DONE,3.2,3B,CB,13729,108837,"108,84",42860.800145898465,1.0
7,16,DONE,3.0,8B,CB,13110,222920,"222,92",91086.3480808594,1.0
0,25,DONE,2.0,7B,BoolQ,13756,211707,"211,71",87126.46446269535,0.9571428571428571
20,29,DONE,3.2,1B,COPA,13054,44826,"44,83",16646.987615039056,1.0
17,5,DONE,3.1,8B,WSC,7126,122654,"122,65",49743.37528359378,0.8914285714285715
7,28,DONE,3.0,8B,CB,13110,221878,"221,88",89931.71629589844,0.9550000000000001
7,29,DONE,3.0,8B,CB,13110,222675,"222,68",90120.2055726564,0.9714285714285715
27,17,DONE,3.2,3B,RTE,11647,91835,"91,84",35795.18496074218,0.9428571428571428
21,10,DONE,3.2,1B,RTE,10444,35819,"35,82",13308.088407031246,1.0
22,22,DONE,3.2,1B,WiC,12413,42817,"42,82",16013.170783593743,0.9666666666666668
7,0,DONE,3.0,8B,CB,13110,222685,"222,69",89595.81962207038,0.9800000000000001
24,17,DONE,3.2,3B,BoolQ,10942,86830,"86,83",33986.93091484388,0.9777777777777779
12,13,DONE,3.1,8B,BoolQ,8089,137861,"137,86",55689.97966523447,1.0
15,25,DONE,3.1,8B,RTE,9180,157849,"157,85",63403.227788671895,1.0
18,13,DONE,3.2,1B,BoolQ,15104,51821,"51,82",19553.598980664123,1.0
5,20,DONE,2.0,7B,WSC,11578,178876,"178,88",72991.814675,0.8400000000000001
9,17,DONE,3.0,8B,RTE,11756,198887,"198,89",81080.00167578134,1.0
6,5,DONE,3.0,8B,BoolQ,7085,120650,"120,65",49202.55851757815,1.0
2,19,DONE,2.0,7B,COPA,12554,192883,"192,88",79533.4220488281,1.0
13,27,DONE,3.1,8B,CB,9343,159852,"159,85",65089.646687109394,0.9377777777777778
25,23,DONE,3.2,3B,CB,13729,108832,"108,83",42743.29304472659,0.9464285714285715
18,29,DONE,3.2,1B,BoolQ,15104,51830,"51,83",19325.369049804685,0.8734848484848484
28,24,DONE,3.2,3B,WiC,12758,100836,"100,84",39015.55999218747,1.0
18,23,DONE,3.2,1B,BoolQ,15104,51622,"51,62",19101.280450390615,0.8533333333333333
26,25,DONE,3.2,3B,COPA,11903,94831,"94,83",36917.16197578125,1.0
8,16,DONE,3.0,8B,COPA,11806,198862,"198,86",79605.37395468743,0.9464285714285715
21,7,DONE,3.2,1B,RTE,10444,35814,"35,81",13343.009438476562,1.0
3,15,DONE,2.0,7B,RTE,12250,188685,"188,69",77714.89246894531,0.9377777777777778
15,22,DONE,3.1,8B,RTE,9180,156861,"156,86",63694.433166601506,1.0
18,3,DONE,3.2,1B,BoolQ,15104,51821,"51,82",19619.16178007814,0.8220588235294117
12,19,DONE,3.1,8B,BoolQ,8089,138852,"138,85",56799.47691093757,1.0
25,29,DONE,3.2,3B,CB,13729,108847,"108,85",42816.37873554691,0.9714285714285715
7,25,DONE,3.0,8B,CB,13110,222880,"222,88",90346.41973710943,0.8445887445887447
3,4,DONE,2.0,7B,RTE,12250,188866,"188,87",78094.737225,1.0
13,0,DONE,3.1,8B,CB,9343,159656,"159,66",65337.2681933594,0.8933333333333333
16,5,DONE,3.1,8B,WiC,14562,245669,"245,67",100804.67839863276,1.0
11,28,DONE,3.0,8B,WSC,7419,126865,"126,87",51400.44814667973,0.8666666666666666
23,24,DONE,3.2,1B,WSC,7910,27811,"27,81",10425.543389453122,0.6333333333333333
24,21,DONE,3.2,3B,BoolQ,10942,86823,"86,82",34300.67147187492,1.0
11,12,DONE,3.0,8B,WSC,7419,125857,"125,86",50692.78643710941,0.85
8,3,DONE,3.0,8B,COPA,11806,199866,"199,87",81285.65942792954,0.8558333333333333
0,3,DONE,2.0,7B,BoolQ,13756,211877,"211,88",87679.0328115233,1.0
8,6,DONE,3.0,8B,COPA,11806,199675,"199,68",82022.73421972652,0.9464285714285715
11,6,DONE,3.0,8B,WSC,7419,125845,"125,85",51261.97890781255,0.9
4,0,DONE,2.0,7B,WiC,13138,201673,"201,67",83329.13070039076,1.0
9,11,DONE,3.0,8B,RTE,11756,198864,"198,86",81167.36069765632,0.96
19,18,DONE,3.2,1B,CB,15678,54824,"54,82",20870.8514046875,1.0
20,24,DONE,3.2,1B,COPA,13054,44814,"44,81",16735.660426953138,0.975
23,21,DONE,3.2,1B,WSC,7910,27812,"27,81",10139.551987304692,0.8666666666666666
14,13,DONE,3.1,8B,COPA,12455,210888,"210,89",86635.75420820308,1.0
25,17,DONE,3.2,3B,CB,13729,108845,"108,85",43222.501926562574,0.9666666666666668
10,16,DONE,3.0,8B,WiC,14810,249913,"249,91",101360.58807812505,0.9595959595959596
7,21,DONE,3.0,8B,CB,13110,221670,"221,67",90886.42820585948,0.975
21,6,DONE,3.2,1B,RTE,10444,36817,"36,82",14038.18834082032,0.96
19,7,DONE,3.2,1B,CB,15678,53817,"53,82",20229.21976542968,1.0
0,26,DONE,2.0,7B,BoolQ,13756,211905,"211,91",87296.32998046876,0.8800000000000001
1,6,DONE,2.0,7B,CB,13678,211878,"211,88",87407.01668730464,1.0
26,3,DONE,3.2,3B,COPA,11903,93840,"93,84",37146.2135382812,0.95
13,23,DONE,3.1,8B,CB,9343,159664,"159,66",65440.90029414058,1.0
6,10,DONE,3.0,8B,BoolQ,7085,120658,"120,66",49436.63460664061,1.0
10,1,DONE,3.0,8B,WiC,14810,250715,"250,72",102602.75968886724,0.975
5,17,DONE,2.0,7B,WSC,11578,178888,"178,89",74223.11120820316,1.0
22,11,DONE,3.2,1B,WiC,12413,42820,"42,82",16087.169565234435,0.9142857142857143
5,13,DONE,2.0,7B,WSC,11578,177686,"177,69",73358.87415292965,0.9
20,21,DONE,3.2,1B,COPA,13054,44822,"44,82",17190.34487910156,1.0
10,23,DONE,3.0,8B,WiC,14810,250703,"250,70",102257.08438652343,0.9568181818181818
9,20,DONE,3.0,8B,RTE,11756,198673,"198,67",82499.13111386723,0.9692307692307693
3,22,DONE,2.0,7B,RTE,12250,188879,"188,88",78180.6232130859,0.95
19,5,DONE,3.2,1B,CB,15678,53819,"53,82",20728.245202929615,0.8214285714285715
5,27,DONE,2.0,7B,WSC,11578,178877,"178,88",74050.60428632822,0.95
0,13,DONE,2.0,7B,BoolQ,13756,211881,"211,88",87928.57208515615,0.86
24,15,DONE,3.2,3B,BoolQ,10942,86837,"86,84",34665.26876289066,1.0
28,11,DONE,3.2,3B,WiC,12758,100841,"100,84",39807.46058671875,1.0
16,8,DONE,3.1,8B,WiC,14562,245897,"245,90",100823.37882109362,1.0
26,17,DONE,3.2,3B,COPA,11903,94834,"94,83",37901.867643554666,1.0
11,15,DONE,3.0,8B,WSC,7419,125836,"125,84",51376.16498671877,1.0
25,13,DONE,3.2,3B,CB,13729,109841,"109,84",43456.4107333984,0.975
3,19,DONE,2.0,7B,RTE,12250,188865,"188,87",78132.0804908204,1.0
4,5,DONE,2.0,7B,WiC,13138,202892,"202,89",84186.86876484368,1.0
17,20,DONE,3.1,8B,WSC,7126,121846,"121,85",50046.03364414061,0.9666666666666668
18,17,DONE,3.2,1B,BoolQ,15104,52823,"52,82",20318.444619140624,0.9047619047619048
21,24,DONE,3.2,1B,RTE,10444,35814,"35,81",13417.856991015624,0.9714285714285715
26,20,DONE,3.2,3B,COPA,11903,93843,"93,84",36738.42263691405,1.0
7,15,DONE,3.0,8B,CB,13110,221689,"221,69",90760.31864023444,0.8428571428571429
6,9,DONE,3.0,8B,BoolQ,7085,121656,"121,66",50081.403136132845,1.0
5,8,DONE,2.0,7B,WSC,11578,177663,"177,66",73672.29034960936,0.9266666666666667
17,7,DONE,3.1,8B,WSC,7126,122847,"122,85",50147.77299628906,1.0
23,28,DONE,3.2,1B,WSC,7910,27810,"27,81",10479.91737011719,0.6428571428571429
4,16,DONE,2.0,7B,WiC,13138,202666,"202,67",83894.0715660156,1.0
20,4,DONE,3.2,1B,COPA,13054,44817,"44,82",17005.28803847656,1.0
3,26,DONE,2.0,7B,RTE,12250,188673,"188,67",78078.98411015618,0.8914285714285715
11,8,DONE,3.0,8B,WSC,7419,126863,"126,86",51971.11609316405,0.96
22,18,DONE,3.2,1B,WiC,12413,42816,"42,82",16395.843306835945,1.0
15,1,DONE,3.1,8B,RTE,9180,156851,"156,85",63643.81965976566,0.9777777777777779
0,16,DONE,2.0,7B,BoolQ,13756,211878,"211,88",88188.54453652355,1.0
28,22,DONE,3.2,3B,WiC,12758,100636,"100,64",40237.03692441393,0.9714285714285715
21,5,DONE,3.2,1B,RTE,10444,36821,"36,82",13918.526103906312,0.96
28,3,DONE,3.2,3B,WiC,12758,99834,"99,83",39313.09591406259,0.9333333333333332
15,20,DONE,3.1,8B,RTE,9180,157856,"157,86",65052.40221054704,0.95
13,5,DONE,3.1,8B,CB,9343,159649,"159,65",65529.69794863285,0.7675757575757577
8,2,DONE,3.0,8B,COPA,11806,199675,"199,68",82220.9824257813,0.9444444444444444
23,12,DONE,3.2,1B,WSC,7910,27808,"27,81",10519.578457031252,0.6666666666666666
28,5,DONE,3.2,3B,WiC,12758,100851,"100,85",39672.94967167967,0.8964285714285716
10,19,DONE,3.0,8B,WiC,14810,249700,"249,70",101738.75994960942,0.93
19,4,DONE,3.2,1B,CB,15678,53816,"53,82",20703.258140624996,0.7333333333333333
23,16,DONE,3.2,1B,WSC,7910,26810,"26,81",10156.234882421868,0.9199999999999999
21,2,DONE,3.2,1B,RTE,10444,36819,"36,82",13567.018891406253,1.0
4,3,DONE,2.0,7B,WiC,13138,202887,"202,89",83644.659346875,1.0
2,6,DONE,2.0,7B,COPA,12554,191671,"191,67",79292.07738085947,1.0
12,4,DONE,3.1,8B,BoolQ,8089,138649,"138,65",57030.75386328123,0.8400000000000001
27,6,DONE,3.2,3B,RTE,11647,91846,"91,85",36239.899913281275,1.0
7,2,DONE,3.0,8B,CB,13110,222715,"222,72",90955.64526152347,0.9714285714285715
29,0,DONE,3.2,3B,WSC,8579,68822,"68,82",27343.21695566407,0.9333333333333332
5,29,DONE,2.0,7B,WSC,11578,177877,"177,88",73530.89382324212,1.0
25,5,DONE,3.2,3B,CB,13729,109838,"109,84",43324.735577929685,0.9
21,16,DONE,3.2,1B,RTE,10444,35613,"35,61",13484.508263476571,0.9428571428571428
14,29,DONE,3.1,8B,COPA,12455,210863,"210,86",87168.58070097661,1.0
5,16,DONE,2.0,7B,WSC,11578,177685,"177,69",73673.62158730463,0.9416666666666668
1,1,DONE,2.0,7B,CB,13678,210867,"210,87",87740.82589589841,0.9666666666666668
12,11,DONE,3.1,8B,BoolQ,8089,138659,"138,66",56989.023435546835,1.0
21,13,DONE,3.2,1B,RTE,10444,35811,"35,81",13654.953154492185,1.0
22,28,DONE,3.2,1B,WiC,12413,42812,"42,81",16159.239902539068,1.0
1,23,DONE,2.0,7B,CB,13678,211893,"211,89",87705.49683339846,0.8714285714285716
13,15,DONE,3.1,8B,CB,9343,159855,"159,86",65632.32947558604,0.96
9,2,DONE,3.0,8B,RTE,11756,198906,"198,91",81529.82321582024,0.9532467532467532
26,22,DONE,3.2,3B,COPA,11903,93844,"93,84",37223.11533964845,1.0
2,0,DONE,2.0,7B,COPA,12554,191867,"191,87",79308.8533654297,1.0
10,27,DONE,3.0,8B,WiC,14810,249685,"249,69",102651.1955449216,0.9466666666666667
2,3,DONE,2.0,7B,COPA,12554,191894,"191,89",79742.44575117184,1.0
14,18,DONE,3.1,8B,COPA,12455,210705,"210,71",86672.98141894535,1.0
19,21,DONE,3.2,1B,CB,15678,53823,"53,82",20826.94188242188,0.96
17,13,DONE,3.1,8B,WSC,7126,121849,"121,85",49719.29852695307,0.95
22,17,DONE,3.2,1B,WiC,12413,42821,"42,82",16100.015161523435,0.9095238095238095
21,15,DONE,3.2,1B,RTE,10444,35815,"35,82",13437.735139062506,0.9
29,8,DONE,3.2,3B,WSC,8579,68826,"68,83",26880.69385957032,0.9099999999999999
6,2,DONE,3.0,8B,BoolQ,7085,121639,"121,64",49775.68442480467,1.0
25,8,DONE,3.2,3B,CB,13729,108837,"108,84",43131.13781249998,1.0
25,6,DONE,3.2,3B,CB,13729,109853,"109,85",43556.646110351554,0.8787878787878787
20,19,DONE,3.2,1B,COPA,13054,44814,"44,81",17364.01195703124,0.975
15,2,DONE,3.1,8B,RTE,9180,156650,"156,65",63705.075969335936,1.0
27,29,DONE,3.2,3B,RTE,11647,92831,"92,83",37005.32509667968,0.925
15,0,DONE,3.1,8B,RTE,9180,156847,"156,85",64642.84620000004,1.0
5,21,DONE,2.0,7B,WSC,11578,178880,"178,88",74018.04085371093,0.9199999999999999
22,13,DONE,3.2,1B,WiC,12413,42614,"42,61",16138.67828730469,0.9333333333333332
19,10,DONE,3.2,1B,CB,15678,53817,"53,82",20215.32665410156,0.9454545454545455
3,11,DONE,2.0,7B,RTE,12250,189899,"189,90",78539.38340253901,1.0
23,0,DONE,3.2,1B,WSC,7910,27809,"27,81",10710.023665820314,0.9199999999999999
16,24,DONE,3.1,8B,WiC,14562,245889,"245,89",100153.04735839846,1.0
27,14,DONE,3.2,3B,RTE,11647,92633,"92,63",36660.46434394531,0.975
9,1,DONE,3.0,8B,RTE,11756,198882,"198,88",82401.52844843756,1.0
8,21,DONE,3.0,8B,COPA,11806,199681,"199,68",81516.77510117192,0.9666666666666668
13,4,DONE,3.1,8B,CB,9343,159661,"159,66",65948.78136347642,1.0
15,13,DONE,3.1,8B,RTE,9180,157847,"157,85",64925.04562304691,1.0
23,4,DONE,3.2,1B,WSC,7910,26808,"26,81",10108.718186328182,0.7666666666666666
15,16,DONE,3.1,8B,RTE,9180,157854,"157,85",64035.98649746094,0.9666666666666668
21,19,DONE,3.2,1B,RTE,10444,35821,"35,82",13807.95487441407,1.0
20,13,DONE,3.2,1B,COPA,13054,45818,"45,82",16782.45442597662,0.9636363636363636
18,20,DONE,3.2,1B,BoolQ,15104,51817,"51,82",19448.683945117304,1.0
22,24,DONE,3.2,1B,WiC,12413,42813,"42,81",16075.014841210876,1.0
13,26,DONE,3.1,8B,CB,9343,160856,"160,86",65113.701387890585,1.0
29,6,DONE,3.2,3B,WSC,8579,68833,"68,83",27335.32509355462,0.8699999999999999
1,10,DONE,2.0,7B,CB,13678,210903,"210,90",87353.29494140617,1.0
27,9,DONE,3.2,3B,RTE,11647,92836,"92,84",37000.391225195315,1.0
28,8,DONE,3.2,3B,WiC,12758,100833,"100,83",39985.61845722658,1.0
9,3,DONE,3.0,8B,RTE,11756,198870,"198,87",81076.2748189452,0.9333333333333333
19,15,DONE,3.2,1B,CB,15678,54827,"54,83",20763.053778710928,0.9833333333333332
20,9,DONE,3.2,1B,COPA,13054,44819,"44,82",16935.155891210947,0.8492424242424242
7,22,DONE,3.0,8B,CB,13110,222681,"222,68",90623.2951105468,0.9074725274725275
25,12,DONE,3.2,3B,CB,13729,108834,"108,83",43129.84729394528,0.9055555555555556
28,14,DONE,3.2,3B,WiC,12758,100640,"100,64",39538.58675644531,0.9714285714285715
27,2,DONE,3.2,3B,RTE,11647,92648,"92,65",36420.05783066407,1.0
6,6,DONE,3.0,8B,BoolQ,7085,120852,"120,85",49415.61432324218,0.9466666666666667
28,16,DONE,3.2,3B,WiC,12758,100842,"100,84",39738.011063476544,1.0
4,29,DONE,2.0,7B,WiC,13138,202876,"202,88",83664.12228750007,1.0
20,20,DONE,3.2,1B,COPA,13054,44821,"44,82",16890.12015976568,0.7875
1,17,DONE,2.0,7B,CB,13678,210695,"210,70",86752.67310761704,0.9666666666666668
7,14,DONE,3.0,8B,CB,13110,222876,"222,88",91035.94190117186,0.9191919191919192
15,14,DONE,3.1,8B,RTE,9180,156661,"156,66",64263.64536972656,0.8933333333333333
1,26,DONE,2.0,7B,CB,13678,211883,"211,88",87806.14296386718,0.9466666666666667
7,17,DONE,3.0,8B,CB,13110,222692,"222,69",91364.00110703136,0.9277777777777778
0,8,DONE,2.0,7B,BoolQ,13756,211892,"211,89",87571.2550623047,1.0
11,3,DONE,3.0,8B,WSC,7419,125859,"125,86",51310.97007011716,0.9666666666666668
3,9,DONE,2.0,7B,RTE,12250,188867,"188,87",78260.43947812503,0.9428571428571428
22,9,DONE,3.2,1B,WiC,12413,42817,"42,82",16466.575953906307,1.0
17,12,DONE,3.1,8B,WSC,7126,122839,"122,84",50031.93938398444,0.86
21,9,DONE,3.2,1B,RTE,10444,35811,"35,81",13552.79358574219,0.95
2,21,DONE,2.0,7B,COPA,12554,191678,"191,68",78393.344799414,1.0
27,0,DONE,3.2,3B,RTE,11647,91646,"91,65",36260.42335996097,1.0
16,17,DONE,3.1,8B,WiC,14562,245688,"245,69",100311.92156347654,0.9380952380952381
8,27,DONE,3.0,8B,COPA,11806,198866,"198,87",81201.65974296877,0.8958730158730159
7,7,DONE,3.0,8B,CB,13110,222893,"222,89",91323.37766992186,0.8714285714285713
11,14,DONE,3.0,8B,WSC,7419,125649,"125,65",50903.23924863283,0.8166666666666668
15,9,DONE,3.1,8B,RTE,9180,157664,"157,66",65134.362937890604,0.95
25,4,DONE,3.2,3B,CB,13729,108629,"108,63",43311.459176367214,0.9380952380952381
29,2,DONE,3.2,3B,WSC,8579,68829,"68,83",27146.68234023438,0.9333333333333332
16,9,DONE,3.1,8B,WiC,14562,245690,"245,69",99884.59910371092,0.9777777777777779
24,29,DONE,3.2,3B,BoolQ,10942,86639,"86,64",34067.547834179684,0.9199999999999999
14,6,DONE,3.1,8B,COPA,12455,211668,"211,67",86077.72420273436,1.0
18,19,DONE,3.2,1B,BoolQ,15104,51824,"51,82",19841.85196875002,0.8969696969696969
27,4,DONE,3.2,3B,RTE,11647,92850,"92,85",36293.46505898436,0.8666666666666666
0,22,DONE,2.0,7B,BoolQ,13756,211882,"211,88",87320.51167910149,1.0
24,9,DONE,3.2,3B,BoolQ,10942,86835,"86,84",34594.17760996093,1.0
25,21,DONE,3.2,3B,CB,13729,109845,"109,85",42972.38780097654,0.9033333333333333
14,2,DONE,3.1,8B,COPA,12455,210871,"210,87",85842.02377109378,0.9083333333333334
1,5,DONE,2.0,7B,CB,13678,211876,"211,88",87858.89744648447,1.0
27,22,DONE,3.2,3B,RTE,11647,92848,"92,85",36918.05322070313,0.8857142857142858
16,10,DONE,3.1,8B,WiC,14562,245880,"245,88",100797.55118125016,1.0
29,27,DONE,3.2,3B,WSC,8579,68822,"68,82",27182.349736132823,0.7428571428571429
24,4,DONE,3.2,3B,BoolQ,10942,86843,"86,84",34364.16074414068,1.0
19,26,DONE,3.2,1B,CB,15678,54825,"54,83",20796.108690039007,0.8584615384615384
6,15,DONE,3.0,8B,BoolQ,7085,120853,"120,85",48984.09487597658,0.9666666666666668
17,18,DONE,3.1,8B,WSC,7126,121839,"121,84",49443.6011150391,1.0
12,6,DONE,3.1,8B,BoolQ,8089,137851,"137,85",56290.2674193359,0.9636363636363636
3,13,DONE,2.0,7B,RTE,12250,188679,"188,68",78116.90230371075,0.9333333333333332
6,26,DONE,3.0,8B,BoolQ,7085,121849,"121,85",49914.57382207033,1.0
18,1,DONE,3.2,1B,BoolQ,15104,51821,"51,82",19602.02140136719,0.9333333333333332
2,13,DONE,2.0,7B,COPA,12554,191872,"191,87",79150.2355369141,1.0
3,29,DONE,2.0,7B,RTE,12250,188676,"188,68",77837.11299785158,1.0
0,1,DONE,2.0,7B,BoolQ,13756,210693,"210,69",87236.37939902347,1.0
10,15,DONE,3.0,8B,WiC,14810,250888,"250,89",103032.24547382818,0.9577777777777777
14,27,DONE,3.1,8B,COPA,12455,210889,"210,89",86093.69425097654,0.9666666666666668
17,9,DONE,3.1,8B,WSC,7126,121839,"121,84",49661.14511992188,0.7942857142857143
0,29,DONE,2.0,7B,BoolQ,13756,211923,"211,92",87683.05983281243,1.0
10,9,DONE,3.0,8B,WiC,14810,250696,"250,70",102914.97472773436,0.9568181818181818
4,10,DONE,2.0,7B,WiC,13138,201679,"201,68",83284.5418701173,1.0
11,11,DONE,3.0,8B,WSC,7419,126843,"126,84",51817.15376171873,0.9083333333333332
0,5,DONE,2.0,7B,BoolQ,13756,211911,"211,91",87695.34926914067,0.85
5,2,DONE,2.0,7B,WSC,11578,178870,"178,87",74461.57699023437,0.925
9,8,DONE,3.0,8B,RTE,11756,198878,"198,88",81689.42160683597,1.0
21,25,DONE,3.2,1B,RTE,10444,36810,"36,81",14015.321612304688,0.7038095238095238
13,14,DONE,3.1,8B,CB,9343,159656,"159,66",65252.26884824218,1.0
11,13,DONE,3.0,8B,WSC,7419,125849,"125,85",51231.30774570312,0.9666666666666668
19,6,DONE,3.2,1B,CB,15678,53823,"53,82",20564.17705664063,0.8171428571428571
13,17,DONE,3.1,8B,CB,9343,159871,"159,87",65123.15178945318,0.96
0,2,DONE,2.0,7B,BoolQ,13756,211890,"211,89",87461.80720917972,0.9625
9,21,DONE,3.0,8B,RTE,11756,198685,"198,69",81650.88012187509,1.0
20,5,DONE,3.2,1B,COPA,13054,44820,"44,82",17039.116050976503,0.6545454545454545
9,28,DONE,3.0,8B,RTE,11756,199900,"199,90",81755.57039023451,0.96
15,6,DONE,3.1,8B,RTE,9180,156654,"156,65",64271.913214843895,1.0
20,11,DONE,3.2,1B,COPA,13054,44821,"44,82",16897.55929394537,0.8
16,3,DONE,3.1,8B,WiC,14562,246899,"246,90",100992.927625586,1.0
27,25,DONE,3.2,3B,RTE,11647,91846,"91,85",36347.013864062654,1.0
0,11,DONE,2.0,7B,BoolQ,13756,211877,"211,88",87821.06514941399,0.96
2,9,DONE,2.0,7B,COPA,12554,191863,"191,86",79473.07587460944,0.96
16,18,DONE,3.1,8B,WiC,14562,245879,"245,88",101488.26225976576,0.8
5,0,DONE,2.0,7B,WSC,11578,178870,"178,87",74081.69485312497,0.96
22,14,DONE,3.2,1B,WiC,12413,42819,"42,82",16385.669921484354,1.0
26,2,DONE,3.2,3B,COPA,11903,93840,"93,84",36778.363824218744,1.0
29,15,DONE,3.2,3B,WSC,8579,68619,"68,62",26825.914468554693,0.9333333333333332
3,20,DONE,2.0,7B,RTE,12250,188878,"188,88",77991.84124863285,0.9666666666666668
29,4,DONE,3.2,3B,WSC,8579,68819,"68,82",27096.032031054685,0.75
12,23,DONE,3.1,8B,BoolQ,8089,137652,"137,65",56351.51643417969,1.0
20,22,DONE,3.2,1B,COPA,13054,44815,"44,82",17030.332459179685,0.96
6,24,DONE,3.0,8B,BoolQ,7085,121848,"121,85",49593.486375390705,0.9142857142857143
1,0,DONE,2.0,7B,CB,13678,211676,"211,68",87862.54900078122,0.9555555555555555
2,20,DONE,2.0,7B,COPA,12554,191877,"191,88",79485.48322812501,1.0
0,10,DONE,2.0,7B,BoolQ,13756,211886,"211,89",87978.53448203127,0.9714285714285715
4,7,DONE,2.0,7B,WiC,13138,202856,"202,86",83908.4784136719,1.0
18,22,DONE,3.2,1B,BoolQ,15104,51828,"51,83",19938.368874218744,0.9866666666666667
27,19,DONE,3.2,3B,RTE,11647,92833,"92,83",36278.23867695312,0.9666666666666668
10,14,DONE,3.0,8B,WiC,14810,250897,"250,90",103491.63602343756,0.9242063492063493
2,7,DONE,2.0,7B,COPA,12554,191869,"191,87",79596.36030429676,1.0
12,3,DONE,3.1,8B,BoolQ,8089,137872,"137,87",56794.384370703134,1.0
25,14,DONE,3.2,3B,CB,14066,111832,"111,83",44283.385048632736,0.888888888888889
29,3,DONE,3.2,3B,WSC,8275,65828,"65,83",25733.229127929753,1.0
4,28,DONE,2.0,7B,WiC,13138,201662,"201,66",83391.48968535171,1.0
8,7,DONE,3.0,8B,COPA,11806,198693,"198,69",81950.44647617196,0.8966666666666667
22,16,DONE,3.2,1B,WiC,12666,43815,"43,82",16694.05079960938,1.0
19,27,DONE,3.2,1B,CB,14801,51821,"51,82",19612.103223828173,0.8800000000000001
1,4,DONE,2.0,7B,CB,13678,211868,"211,87",87323.49320488297,0.9666666666666668
29,26,DONE,3.2,3B,WSC,8275,65832,"65,83",25880.614420117185,0.6466666666666667
2,2,DONE,2.0,7B,COPA,12554,191876,"191,88",79285.56483203125,1.0
18,11,DONE,3.2,1B,BoolQ,14644,49815,"49,82",19018.85807871093,0.7915966386554621
24,6,DONE,3.2,3B,BoolQ,11507,91832,"91,83",36259.457745117215,1.0
26,1,DONE,3.2,3B,COPA,11640,92831,"92,83",36908.285790625,1.0
19,20,DONE,3.2,1B,CB,14801,50817,"50,82",19181.025108984373,0.96
8,14,DONE,3.0,8B,COPA,11806,198868,"198,87",80574.57406660152,0.9377777777777776
17,11,DONE,3.1,8B,WSC,7126,121852,"121,85",49830.21833984371,1.0
22,23,DONE,3.2,1B,WiC,12666,43828,"43,83",16680.163708007804,1.0
16,20,DONE,3.1,8B,WiC,14562,245899,"245,90",100970.43562128909,1.0
27,8,DONE,3.2,3B,RTE,11415,90832,"90,83",36379.05630546869,1.0
25,10,DONE,3.2,3B,CB,14062,111839,"111,84",44751.47332519533,1.0
23,1,DONE,3.2,1B,WSC,7583,26810,"26,81",9975.06270019531,0.6433333333333333
19,0,DONE,3.2,1B,CB,14801,50820,"50,82",19098.14179609372,0.8
10,26,DONE,3.0,8B,WiC,14810,250889,"250,89",102146.2166523439,1.0
24,8,DONE,3.2,3B,BoolQ,11507,91638,"91,64",36734.78194707037,0.95
20,18,DONE,3.2,1B,COPA,11304,39815,"39,82",14972.056947070309,0.9714285714285715
11,24,DONE,3.0,8B,WSC,7419,125851,"125,85",51172.27501484382,0.9199999999999999
2,8,DONE,2.0,7B,COPA,12554,192856,"192,86",80273.25960664057,1.0
9,15,DONE,3.0,8B,RTE,11756,198880,"198,88",82274.58694785168,0.9261904761904762
27,27,DONE,3.2,3B,RTE,11415,90827,"90,83",36242.027785351565,0.8800000000000001
9,23,DONE,3.0,8B,RTE,11756,198871,"198,87",82356.52657812492,1.0
19,1,DONE,3.2,1B,CB,14801,50818,"50,82",19595.385468359316,0.9555555555555555
17,19,DONE,3.1,8B,WSC,7126,121836,"121,84",49966.5164099611,0.8333333333333333
19,11,DONE,3.2,1B,CB,14801,50817,"50,82",19563.435716210948,0.8123809523809523
24,20,DONE,3.2,3B,BoolQ,11507,91832,"91,83",36846.10805664065,1.0
18,26,DONE,3.2,1B,BoolQ,14644,50620,"50,62",19390.806744335925,0.9333333333333333
11,2,DONE,3.0,8B,WSC,7419,126836,"126,84",51362.365202929715,0.8414285714285714
24,18,DONE,3.2,3B,BoolQ,11507,90843,"90,84",36090.14162207032,1.0
22,10,DONE,3.2,1B,WiC,12666,42812,"42,81",16254.96971074225,1.0
16,14,DONE,3.1,8B,WiC,14562,246887,"246,89",99881.71789902334,1.0
23,10,DONE,3.2,1B,WSC,7583,26809,"26,81",10079.341488085938,0.8357142857142857
9,29,DONE,3.0,8B,RTE,11756,198683,"198,68",80821.36210000006,1.0
25,26,DONE,3.2,3B,CB,14062,111658,"111,66",44203.838702929694,1.0
24,14,DONE,3.2,3B,BoolQ,11507,91857,"91,86",36246.00572792965,0.9714285714285715
14,15,DONE,3.1,8B,COPA,12455,210671,"210,67",85450.03687539064,1.0
16,6,DONE,3.1,8B,WiC,14562,246688,"246,69",101155.46803281248,1.0
12,9,DONE,3.1,8B,BoolQ,8089,137858,"137,86",56581.56117539059,0.95
10,7,DONE,3.0,8B,WiC,14810,250897,"250,90",104496.07348671876,0.9777777777777779
29,25,DONE,3.2,3B,WSC,8275,65824,"65,82",26112.735192382817,0.85
25,19,DONE,3.2,3B,CB,14062,111842,"111,84",44176.51890136719,1.0
22,19,DONE,3.2,1B,WiC,12666,43824,"43,82",16315.017147460974,0.9428571428571428
14,26,DONE,3.1,8B,COPA,12455,211896,"211,90",85976.10330273426,1.0
6,23,DONE,3.0,8B,BoolQ,7085,120857,"120,86",49732.756693945346,1.0
8,19,DONE,3.0,8B,COPA,11806,198892,"198,89",81119.56048085928,0.8647619047619048
23,27,DONE,3.2,1B,WSC,7583,26811,"26,81",10141.908715429689,0.8033333333333333
2,10,DONE,2.0,7B,COPA,12554,191664,"191,66",79254.91852656263,1.0
14,9,DONE,3.1,8B,COPA,12455,210895,"210,90",87001.08054082027,1.0
0,0,DONE,2.0,7B,BoolQ,13756,211904,"211,90",87805.3861341797,0.9
13,1,DONE,3.1,8B,CB,9343,160865,"160,87",66017.90995898447,1.0
19,12,DONE,3.2,1B,CB,14801,50818,"50,82",19425.182669336,0.8099999999999999
12,12,DONE,3.1,8B,BoolQ,8089,137842,"137,84",56760.07119980467,0.95
6,1,DONE,3.0,8B,BoolQ,7085,120844,"120,84",49634.62182968757,0.9492063492063492
24,25,DONE,3.2,3B,BoolQ,11507,91639,"91,64",36669.44572519528,0.9666666666666668
12,1,DONE,3.1,8B,BoolQ,8089,137869,"137,87",56182.63814160155,0.9333333333333333
14,11,DONE,3.1,8B,COPA,12455,211694,"211,69",86817.67244375017,0.96
0,9,DONE,2.0,7B,BoolQ,13756,211895,"211,90",88006.22430683595,0.9
10,25,DONE,3.0,8B,WiC,14810,250889,"250,89",102874.77491406252,0.9527777777777778
20,0,DONE,3.2,1B,COPA,11304,38816,"38,82",14834.559203906258,0.58
28,18,DONE,3.2,3B,WiC,11831,93838,"93,84",37095.66988339842,1.0
1,13,DONE,2.0,7B,CB,13678,210880,"210,88",87467.65790703129,0.9464285714285715
1,20,DONE,2.0,7B,CB,13678,210882,"210,88",87351.24137500007,0.9333333333333332
17,24,DONE,3.1,8B,WSC,7126,121645,"121,65",49680.16118105468,0.9
29,28,DONE,3.2,3B,WSC,8275,66634,"66,63",26345.08496992188,0.8011904761904762
12,16,DONE,3.1,8B,BoolQ,8089,137859,"137,86",56607.42577265624,1.0
14,22,DONE,3.1,8B,COPA,12455,210883,"210,88",87034.88862792967,0.9714285714285715
16,16,DONE,3.1,8B,WiC,14562,246694,"246,69",102303.77820996086,1.0
4,18,DONE,2.0,7B,WiC,13138,201890,"201,89",84364.10205507815,1.0
17,10,DONE,3.1,8B,WSC,7126,122842,"122,84",50084.93988320308,0.85
22,27,DONE,3.2,1B,WiC,12666,43821,"43,82",16448.770972460963,1.0
12,8,DONE,3.1,8B,BoolQ,8089,137673,"137,67",56059.07855624993,0.96
28,23,DONE,3.2,3B,WiC,11831,93636,"93,64",36933.87937285155,1.0
15,15,DONE,3.1,8B,RTE,9180,156882,"156,88",64535.800663281225,1.0
24,12,DONE,3.2,3B,BoolQ,11507,90842,"90,84",35718.04558027344,0.8933333333333333
28,27,DONE,3.2,3B,WiC,11831,92839,"92,84",36892.41770546873,0.8
23,3,DONE,3.2,1B,WSC,7583,26812,"26,81",9893.738279882811,1.0
15,4,DONE,3.1,8B,RTE,9180,156650,"156,65",63809.24309570315,1.0
16,22,DONE,3.1,8B,WiC,14562,245685,"245,69",100776.84107382815,0.9777777777777779
19,9,DONE,3.2,1B,CB,14801,50626,"50,63",19272.91375957036,0.8444444444444444
5,7,DONE,2.0,7B,WSC,11578,178666,"178,67",73822.55721777337,1.0
11,10,DONE,3.0,8B,WSC,7419,125854,"125,85",51844.328603710936,1.0
3,16,DONE,2.0,7B,RTE,12250,189873,"189,87",78548.66230136719,0.9714285714285715
0,21,DONE,2.0,7B,BoolQ,13756,211884,"211,88",87804.01953496096,0.8893181818181819
4,15,DONE,2.0,7B,WiC,13138,201887,"201,89",83638.52273828129,1.0
23,14,DONE,3.2,1B,WSC,7583,26809,"26,81",9995.338662890565,0.8533333333333333
20,15,DONE,3.2,1B,COPA,11304,38824,"38,82",14434.293846484388,0.9666666666666668
26,15,DONE,3.2,3B,COPA,11640,91836,"91,84",35717.02773261722,0.9111111111111111
2,1,DONE,2.0,7B,COPA,12554,191886,"191,89",79270.62803964835,0.9714285714285715
25,25,DONE,3.2,3B,CB,14062,111835,"111,84",44392.41377675782,0.96
20,12,DONE,3.2,1B,COPA,11304,38819,"38,82",14782.922011718752,0.9
25,16,DONE,3.2,3B,CB,14062,111848,"111,85",44494.52951816409,0.975
14,10,DONE,3.1,8B,COPA,12455,210880,"210,88",85977.23623183586,1.0
0,14,DONE,2.0,7B,BoolQ,13756,211879,"211,88",87854.24503925782,0.9204545454545455
8,17,DONE,3.0,8B,COPA,11806,199878,"199,88",82196.15876308594,0.9111111111111111
10,20,DONE,3.0,8B,WiC,14810,250901,"250,90",103664.75726562511,0.9550000000000001
6,4,DONE,3.0,8B,BoolQ,7085,120839,"120,84",49885.89663925777,0.9714285714285715
22,4,DONE,3.2,1B,WiC,12666,43814,"43,81",16592.57667128903,0.975
9,9,DONE,3.0,8B,RTE,11756,199662,"199,66",81104.4602572264,1.0
8,28,DONE,3.0,8B,COPA,11806,198865,"198,87",81351.23044570316,0.8733333333333334
27,12,DONE,3.2,3B,RTE,11415,90828,"90,83",35495.936983789084,1.0
7,23,DONE,3.0,8B,CB,13110,222691,"222,69",90328.74158203125,0.9714285714285715
6,20,DONE,3.0,8B,BoolQ,7085,120844,"120,84",49416.94533027341,1.0
28,2,DONE,3.2,3B,WiC,11831,93843,"93,84",36610.44376757812,1.0
11,22,DONE,3.0,8B,WSC,7419,125862,"125,86",50774.103644921866,0.8833333333333332
28,7,DONE,3.2,3B,WiC,11831,93833,"93,83",37029.332013085936,1.0
12,15,DONE,3.1,8B,BoolQ,8089,137869,"137,87",55658.04326425778,0.9333333333333332
5,1,DONE,2.0,7B,WSC,11578,178658,"178,66",73570.45610292986,0.96
21,17,DONE,3.2,1B,RTE,10983,37818,"37,82",14241.87757558594,0.6844444444444445
13,16,DONE,3.1,8B,CB,9343,159879,"159,88",64046.98709511733,0.96
10,4,DONE,3.0,8B,WiC,14810,250879,"250,88",101502.5981513674,0.9155555555555555
17,29,DONE,3.1,8B,WSC,7126,122839,"122,84",49359.584375000035,0.8333333333333333
14,8,DONE,3.1,8B,COPA,12455,210900,"210,90",85650.46532285151,0.9555555555555555
1,28,DONE,2.0,7B,CB,13678,211670,"211,67",87202.38929374979,1.0
2,28,DONE,2.0,7B,COPA,12554,191671,"191,67",78681.09148535164,0.8
8,15,DONE,3.0,8B,COPA,11806,199680,"199,68",81024.51592343746,0.8822222222222222
0,17,DONE,2.0,7B,BoolQ,13756,211680,"211,68",86773.31433515619,0.9636363636363636
22,20,DONE,3.2,1B,WiC,12666,43816,"43,82",16465.213903710945,0.9666666666666668
10,6,DONE,3.0,8B,WiC,14810,250901,"250,90",101133.33813203155,0.9777777777777779
2,25,DONE,2.0,7B,COPA,12554,191675,"191,68",79072.29101562507,1.0
15,10,DONE,3.1,8B,RTE,9180,156649,"156,65",63617.77856015621,0.96
26,13,DONE,3.2,3B,COPA,11640,92829,"92,83",36147.98985976564,1.0
19,24,DONE,3.2,1B,CB,14801,50622,"50,62",19062.658837890624,0.9
9,16,DONE,3.0,8B,RTE,11756,198701,"198,70",80429.47103320307,1.0
22,7,DONE,3.2,1B,WiC,12666,42617,"42,62",16039.874967968715,0.975
27,21,DONE,3.2,3B,RTE,11415,90831,"90,83",35357.51185937502,1.0
3,6,DONE,2.0,7B,RTE,12250,188890,"188,89",77491.35136210939,0.8800000000000001
9,12,DONE,3.0,8B,RTE,11756,198872,"198,87",80248.90413828124,0.9633333333333333
2,22,DONE,2.0,7B,COPA,12554,192894,"192,89",79170.29285703127,1.0
7,1,DONE,3.0,8B,CB,13110,221694,"221,69",90849.75589160148,0.9333333333333332
0,19,DONE,2.0,7B,BoolQ,13756,211681,"211,68",87034.22254960927,0.96
7,13,DONE,3.0,8B,CB,13110,222874,"222,87",90579.53528164064,0.961111111111111
2,24,DONE,2.0,7B,COPA,12554,191856,"191,86",77987.54300214851,1.0
0,6,DONE,2.0,7B,BoolQ,13756,211875,"211,88",86751.7626833984,0.9266666666666665
4,27,DONE,2.0,7B,WiC,13138,202884,"202,88",83077.10538945318,1.0
21,0,DONE,3.2,1B,RTE,10983,37817,"37,82",14181.607806640628,1.0
27,24,DONE,3.2,3B,RTE,11415,90849,"90,85",35290.119921484365,0.9777777777777779
10,3,DONE,3.0,8B,WiC,14810,250875,"250,88",100849.68349238273,0.975
2,18,DONE,2.0,7B,COPA,12554,191669,"191,67",78309.66265429696,1.0
17,16,DONE,3.1,8B,WSC,7126,121867,"121,87",49297.15752597652,1.0
1,27,DONE,2.0,7B,CB,13678,211870,"211,87",86571.37078085938,0.9314285714285713
21,29,DONE,3.2,1B,RTE,10983,37820,"37,82",14224.984568359368,0.9428571428571428
26,23,DONE,3.2,3B,COPA,11640,92849,"92,85",35802.1554759766,1.0
25,20,DONE,3.2,3B,CB,14062,111837,"111,84",43085.15227441409,0.9777777777777779
20,14,DONE,3.2,1B,COPA,11304,38818,"38,82",14309.565560351566,0.8
18,28,DONE,3.2,1B,BoolQ,14644,50823,"50,82",18906.61789277345,0.888888888888889
0,20,DONE,2.0,7B,BoolQ,13756,211879,"211,88",86221.52657480474,0.9538461538461538
23,11,DONE,3.2,1B,WSC,7583,26807,"26,81",9905.329608398437,0.9333333333333332
11,18,DONE,3.0,8B,WSC,7419,125660,"125,66",50123.14654843754,0.9714285714285715
11,19,DONE,3.0,8B,WSC,7419,126647,"126,65",50309.44224277345,0.86
26,6,DONE,3.2,3B,COPA,11640,91630,"91,63",35927.11540351562,0.95
5,4,DONE,2.0,7B,WSC,11578,178688,"178,69",72416.71626269529,0.9199999999999999
29,29,DONE,3.2,3B,WSC,8275,65830,"65,83",25590.632559374924,1.0
23,22,DONE,3.2,1B,WSC,7583,26811,"26,81",9751.891798828065,0.7833333333333333
26,8,DONE,3.2,3B,COPA,11640,91832,"91,83",35470.32820351563,0.9095959595959595
28,15,DONE,3.2,3B,WiC,11831,93831,"93,83",36315.806488085975,1.0
12,18,DONE,3.1,8B,BoolQ,8089,138838,"138,84",56347.803034765675,0.9692307692307693
9,27,DONE,3.0,8B,RTE,11756,198859,"198,86",80397.40408535153,0.9133333333333333
2,26,DONE,2.0,7B,COPA,12554,191675,"191,68",78362.10946191411,1.0
27,15,DONE,3.2,3B,RTE,11415,90837,"90,84",35483.108416406256,1.0
23,17,DONE,3.2,1B,WSC,7583,26814,"26,81",9818.50430605469,0.7647619047619048
12,5,DONE,3.1,8B,BoolQ,8089,137859,"137,86",55141.5664269531,0.9214285714285715
6,14,DONE,3.0,8B,BoolQ,7085,121649,"121,65",49598.609565429695,1.0
5,5,DONE,2.0,7B,WSC,11578,178670,"178,67",73433.12246523448,0.9666666666666668
4,17,DONE,2.0,7B,WiC,13138,201896,"201,90",82890.73331796864,1.0
25,0,DONE,3.2,3B,CB,14062,111835,"111,84",43513.03961328124,1.0
29,9,DONE,3.2,3B,WSC,8275,66822,"66,82",25922.40209023429,0.8333333333333334
15,8,DONE,3.1,8B,RTE,9180,156649,"156,65",63013.36377675789,0.9666666666666668
26,18,DONE,3.2,3B,COPA,11640,91634,"91,63",35951.53707812504,1.0
23,25,DONE,3.2,1B,WSC,7583,26811,"26,81",9825.42654667963,0.8099999999999999
20,1,DONE,3.2,1B,COPA,11304,38822,"38,82",14263.663005078126,0.7666666666666667
0,24,DONE,2.0,7B,BoolQ,13756,211694,"211,69",86068.43350996092,0.95
29,13,DONE,3.2,3B,WSC,8275,65819,"65,82",25584.197532226495,0.9714285714285715
4,1,DONE,2.0,7B,WiC,13138,201877,"201,88",82053.49211894535,1.0
22,15,DONE,3.2,1B,WiC,12666,43816,"43,82",16223.58243476562,1.0
28,20,DONE,3.2,3B,WiC,11831,92838,"92,84",35453.673441796884,1.0
17,15,DONE,3.1,8B,WSC,7126,122839,"122,84",49107.04207597659,0.8333333333333333
24,10,DONE,3.2,3B,BoolQ,11507,91846,"91,85",35361.33309707028,1.0
28,0,DONE,3.2,3B,WiC,11831,93825,"93,83",36603.936796289054,1.0
28,13,DONE,3.2,3B,WiC,11831,92627,"92,63",36388.39310078125,1.0
10,2,DONE,3.0,8B,WiC,14810,250687,"250,69",100076.5149164062,0.9555555555555555
29,7,DONE,3.2,3B,WSC,8275,66821,"66,82",25848.96953476565,0.6
28,17,DONE,3.2,3B,WiC,11831,92829,"92,83",36339.8535785156,1.0
20,17,DONE,3.2,1B,COPA,11304,38813,"38,81",14273.95296640625,0.75
18,4,DONE,3.2,1B,BoolQ,14644,49816,"49,82",18536.22700527344,0.8857142857142858
26,19,DONE,3.2,3B,COPA,11640,91834,"91,83",35678.110414648414,1.0
18,12,DONE,3.2,1B,BoolQ,14644,49819,"49,82",18585.037384765667,1.0
9,5,DONE,3.0,8B,RTE,11756,199678,"199,68",80755.71970722666,0.96
6,19,DONE,3.0,8B,BoolQ,7085,120858,"120,86",48921.469521484425,0.9666666666666668
15,26,DONE,3.1,8B,RTE,9180,156856,"156,86",63829.21759960935,1.0
22,1,DONE,3.2,1B,WiC,12666,42813,"42,81",16081.807830859383,1.0
24,7,DONE,3.2,3B,BoolQ,11507,91842,"91,84",35575.55424941406,0.9047619047619048
23,19,DONE,3.2,1B,WSC,7583,26809,"26,81",9903.056297265624,0.7833333333333333
4,24,DONE,2.0,7B,WiC,13138,201887,"201,89",82245.88607578137,1.0
7,10,DONE,3.0,8B,CB,13110,222894,"222,89",91350.9437966798,0.9333333333333332
3,24,DONE,2.0,7B,RTE,12250,188866,"188,87",77556.94458593748,1.0
26,4,DONE,3.2,3B,COPA,11640,92851,"92,85",36057.54602324216,0.95
1,14,DONE,2.0,7B,CB,13678,210870,"210,87",86572.84323886714,1.0
19,16,DONE,3.2,1B,CB,14801,50830,"50,83",19194.143908984377,0.9083333333333332
14,12,DONE,3.1,8B,COPA,12455,210694,"210,69",85238.26518417982,1.0
14,21,DONE,3.1,8B,COPA,12455,211889,"211,89",86212.96517460931,0.975
6,22,DONE,3.0,8B,BoolQ,7085,120839,"120,84",49300.36495585942,1.0
6,13,DONE,3.0,8B,BoolQ,7085,121842,"121,84",50034.37881230467,1.0
20,26,DONE,3.2,1B,COPA,11304,38813,"38,81",14502.635817382868,0.8
6,17,DONE,3.0,8B,BoolQ,7085,120839,"120,84",49132.0205109376,0.95
29,10,DONE,3.2,3B,WSC,8275,66823,"66,82",26020.032083789043,0.745
20,25,DONE,3.2,1B,COPA,11304,38815,"38,82",14338.088089062509,0.5333333333333333
6,29,DONE,3.0,8B,BoolQ,7085,121648,"121,65",48685.9456339844,0.95
8,24,DONE,3.0,8B,COPA,11806,199676,"199,68",80954.77471308586,0.9675
10,10,DONE,3.0,8B,WiC,14810,249698,"249,70",102187.81256464832,0.9777777777777779
2,14,DONE,2.0,7B,COPA,12554,191667,"191,67",79101.45763925774,0.9666666666666668
20,23,DONE,3.2,1B,COPA,11304,38615,"38,62",14524.642191796882,0.975
29,23,DONE,3.2,3B,WSC,8275,66825,"66,83",25990.988963671887,1.0
0,27,DONE,2.0,7B,BoolQ,13756,211872,"211,87",87359.4706283203,0.9028571428571428
15,24,DONE,3.1,8B,RTE,9180,156854,"156,85",63786.24933613282,0.9333333333333332
25,22,DONE,3.2,3B,CB,14062,111840,"111,84",44305.819425000016,1.0
17,27,DONE,3.1,8B,WSC,7126,121637,"121,64",49215.69680488278,0.9428571428571428
11,5,DONE,3.0,8B,WSC,7419,125840,"125,84",50562.41660156249,0.6742857142857142
12,21,DONE,3.1,8B,BoolQ,8089,138868,"138,87",56413.14431855471,0.9333333333333332
14,23,DONE,3.1,8B,COPA,12455,210665,"210,67",84681.64507167977,1.0
12,20,DONE,3.1,8B,BoolQ,8089,138651,"138,65",56403.93547226563,0.95
13,8,DONE,3.1,8B,CB,9343,159667,"159,67",64595.74430761722,0.975
17,2,DONE,3.1,8B,WSC,7126,121850,"121,85",49158.7999710938,1.0
2,23,DONE,2.0,7B,COPA,12554,192867,"192,87",78600.16813027351,1.0
9,0,DONE,3.0,8B,RTE,11756,198883,"198,88",80247.8209638672,0.9418181818181818
1,11,DONE,2.0,7B,CB,13678,211896,"211,90",86377.11637050782,0.9666666666666668
12,7,DONE,3.1,8B,BoolQ,8089,137656,"137,66",56372.6724039064,1.0
4,9,DONE,2.0,7B,WiC,13138,202664,"202,66",82965.31183066417,1.0
0,18,DONE,2.0,7B,BoolQ,13756,211865,"211,87",86470.89926328127,0.95
23,18,DONE,3.2,1B,WSC,7583,26808,"26,81",10195.3451671875,0.611111111111111
29,1,DONE,3.2,3B,WSC,8275,65618,"65,62",25668.795661328186,0.8277777777777778
5,14,DONE,2.0,7B,WSC,11578,178694,"178,69",73526.61723554686,0.9028571428571428
14,17,DONE,3.1,8B,COPA,12455,210690,"210,69",86168.80747968757,1.0
16,12,DONE,3.1,8B,WiC,14562,245871,"245,87",99635.82238671872,1.0
29,24,DONE,3.2,3B,WSC,8275,66821,"66,82",26027.362519726576,0.9
4,2,DONE,2.0,7B,WiC,13138,201662,"201,66",83032.05345624997,1.0
13,20,DONE,3.1,8B,CB,9343,159875,"159,88",65536.05486503907,0.96
22,8,DONE,3.2,1B,WiC,12666,42812,"42,81",16481.497684179685,1.0
9,14,DONE,3.0,8B,RTE,11756,199663,"199,66",81157.64147792969,1.0
7,11,DONE,3.0,8B,CB,13110,221876,"221,88",90330.00216542985,0.925
14,7,DONE,3.1,8B,COPA,12455,210898,"210,90",85546.85588242189,1.0
20,2,DONE,3.2,1B,COPA,11304,38817,"38,82",14584.406200195368,0.8
6,8,DONE,3.0,8B,BoolQ,7085,121836,"121,84",49466.49518496096,1.0
19,29,DONE,3.2,1B,CB,14801,50821,"50,82",19274.472112304695,0.8800000000000001
8,5,DONE,3.0,8B,COPA,11806,198682,"198,68",80569.39723027342,0.9492063492063492
16,19,DONE,3.1,8B,WiC,14562,245699,"245,70",100504.2787617188,1.0
6,21,DONE,3.0,8B,BoolQ,7085,120850,"120,85",49272.459672265686,1.0
13,12,DONE,3.1,8B,CB,9343,159656,"159,66",64851.99504042968,0.8833333333333332
25,3,DONE,3.2,3B,CB,14062,111644,"111,64",43624.81167480471,1.0
19,8,DONE,3.2,1B,CB,14801,50821,"50,82",18960.52346054688,0.9818181818181818
28,21,DONE,3.2,3B,WiC,11831,92836,"92,84",35908.05230625,0.96
3,28,DONE,2.0,7B,RTE,12250,189859,"189,86",77673.98573671884,1.0
29,12,DONE,3.2,3B,WSC,8275,65829,"65,83",25810.32832773432,0.9333333333333332
29,19,DONE,3.2,3B,WSC,8275,65837,"65,84",25462.772819531252,0.7944444444444445
8,25,DONE,3.0,8B,COPA,11806,199870,"199,87",80692.31699453125,0.9318181818181819
10,8,DONE,3.0,8B,WiC,14810,250901,"250,90",102193.95972343764,0.9514285714285714
29,5,DONE,3.2,3B,WSC,8275,65820,"65,82",25759.882912499997,0.9666666666666668
15,23,DONE,3.1,8B,RTE,9180,157850,"157,85",63914.25769023436,1.0
7,20,DONE,3.0,8B,CB,13110,221869,"221,87",90791.70272402334,0.9833333333333332
19,28,DONE,3.2,1B,CB,14801,50817,"50,82",19340.255550585945,0.932867132867133
11,25,DONE,3.0,8B,WSC,7419,125858,"125,86",50813.83461757821,0.95
26,7,DONE,3.2,3B,COPA,11640,91636,"91,64",35935.243711523435,0.96
17,26,DONE,3.1,8B,WSC,7126,122650,"122,65",49668.202423632814,1.0
16,7,DONE,3.1,8B,WiC,14562,245695,"245,70",99956.8613234375,1.0
18,25,DONE,3.2,1B,BoolQ,14644,49617,"49,62",18858.31132285156,0.9428571428571428
26,9,DONE,3.2,3B,COPA,11640,91839,"91,84",35809.008554882836,1.0
22,25,DONE,3.2,1B,WiC,12666,43814,"43,81",16315.239194921876,0.9444444444444444
14,5,DONE,3.1,8B,COPA,12455,210876,"210,88",85129.27536406241,1.0
8,10,DONE,3.0,8B,COPA,11806,199881,"199,88",81180.04889941408,0.8425396825396826
22,21,DONE,3.2,1B,WiC,12666,43823,"43,82",16740.293618164073,0.8
17,22,DONE,3.1,8B,WSC,7126,121836,"121,84",49246.88099550776,0.95
18,21,DONE,3.2,1B,BoolQ,14644,50620,"50,62",19114.319104687485,1.0
11,20,DONE,3.0,8B,WSC,7419,126846,"126,85",50680.21139218752,0.9333333333333332
23,13,DONE,3.2,1B,WSC,7583,25814,"25,81",9605.901146484372,0.8
15,21,DONE,3.1,8B,RTE,9180,157864,"157,86",63674.68192070306,1.0
9,25,DONE,3.0,8B,RTE,11756,198885,"198,89",81617.95267753891,0.9833333333333332
12,22,DONE,3.1,8B,BoolQ,8089,137854,"137,85",56460.55303027338,1.0
8,0,DONE,3.0,8B,COPA,11806,199889,"199,89",81847.83360683566,0.875